first_word,second_word,bigram,count
"قبل","المغرب","قبل المغرب",523
"شنو","the","شنو the",498
"the","price","the price",476
"if","i","if i",458
"price","if","price if",450
"i","take","i take",447
"أول","مرة","أول مرة",308
"عيد","ميلاد","عيد ميلاد",229
"مرة","أشتري","مرة أشتري",186
"أنا","أول","أنا أول",159
"عميل","دايم","عميل دايم",149
"من","عندكم","من عندكم",132
"اليوم","بس","اليوم بس",129
"شي","رخيص","شي رخيص",128
"المغرب","اليوم","المغرب اليوم",115
"بس","ما","بس ما",111
"right","now","right now",108
"إذا","ممكن","إذا ممكن",107
"أنا","دايم","أنا دايم",95
"دايم","ا","دايم ا",94
"حق","عيد","حق عيد",93
"أعرف","إذا","أعرف إذا",92
"إذا","في","إذا في",92
"أشتري","منكم","أشتري منكم",91
"إذا","ما","إذا ما",90
"اليوم","فقط","اليوم فقط",85
"شي","يكون","شي يكون",80
"ميلاد","أخوي","ميلاد أخوي",80
"لعيد","ميلاد","لعيد ميلاد",76
"أشتري","من","أشتري من",75
"أنا","عميل","أنا عميل",74
"عرض","خاص","عرض خاص",74
"أخوي","يبي","أخوي يبي",73
"قبل","ما","قبل ما",73
"أنا","من","أنا من",72
"ممكن","تساعدوني","ممكن تساعدوني",71
"اللي","عندكم","اللي عندكم",68
"عروض","خاصة","عروض خاصة",68
"في","شي","في شي",67
"حل","سريع","حل سريع",66
"دايم","عندكم","دايم عندكم",64
"الأسبوع","الجاي","الأسبوع الجاي",62
"عندي","مشكلة","عندي مشكلة",62
"عيد","ميلاده","عيد ميلاده",61
"أبي","شي","أبي شي",61
"اليوم","قبل","اليوم قبل",60
"سمعت","إنه","سمعت إنه",60
"الجمعة","الجاية","الجمعة الجاية",58
"أحتاج","شي","أحتاج شي",57
"كيف","الحال","كيف الحال",56
"عندي","استفسار","عندي استفسار",56
"لو","سمحت","لو سمحت",55
"هل","في","هل في",54
"دايم","customer","دايم customer",54
"عندي","وقت","عندي وقت",54
"قبل","الجمعة","قبل الجمعة",51
"سمعت","عن","سمعت عن",50
"مرة","أطلب","مرة أطلب",50
"إذا","عندكم","إذا عندكم",49
"أعرف","شنو","أعرف شنو",49
"إنه","في","إنه في",47
"صار","لي","صار لي",45
"عندكم","شي","عندكم شي",44
"شاء","الله","شاء الله",44
"أطلب","منكم","أطلب منكم",44
"في","عرض","في عرض",42
"أخوي","يبغى","أخوي يبغى",42
"لعيد","ميلاده","لعيد ميلاده",41
"هدية","عيد","هدية عيد",40
"أسأل","عن","أسأل عن",40
"هلا","والله","هلا والله",40
"في","عروض","في عروض",39
"إذا","فيه","إذا فيه",39
"لأن","عندي","لأن عندي",38
"سمعت","إن","سمعت إن",38
"شي","مناسب","شي مناسب",37
"في","أي","في أي",37
"ما","أقدر","ما أقدر",37
"ما","عندي","ما عندي",37
"أبغى","شي","أبغى شي",37
"بأسرع","وقت","بأسرع وقت",37
"my","brother","my brother",36
"ممكن","أعرف","ممكن أعرف",36
"عندكم","عروض","عندكم عروض",36
"شي","ثاني","شي ثاني",36
"أنا","عندي","أنا عندي",36
"الجمعة","الياية","الجمعة الياية",35
"مشكلة","مع","مشكلة مع",35
"خاص","اليوم","خاص اليوم",35
"ما","في","ما في",34
"وما","توقعت","وما توقعت",34
"عشان","عيد","عشان عيد",34
"عندي","مناسبة","عندي مناسبة",33
"لأن","أخوي","لأن أخوي",32
"شي","مميز","شي مميز",32
"يكون","سعره","يكون سعره",31
"أتعامل","معاكم","أتعامل معاكم",31
"شكر","ا","شكر ا",31
"قبل","لا","قبل لا",31
"حق","أخوي","حق أخوي",30
"استفسار","عن","استفسار عن",30
"أنا","زبون","أنا زبون",30
"في","خصم","في خصم",29
"أبغي","شي","أبغي شي",29
"next","friday","next friday",29
"يوم","الجمعة","يوم الجمعة",29
"ما","أدري","ما أدري",29
"خصوص","ا","خصوص ا",29
"هل","ممكن","هل ممكن",29
"بغيت","أسأل","بغيت أسأل",29
"مرة","أتعامل","مرة أتعامل",29
"الحال","أنا","الحال أنا",28
"شي","أرخص","شي أرخص",28
"إن","في","إن في",28
"مشكلة","في","مشكلة في",28
"في","طريقة","في طريقة",28
"ترى","أنا","ترى أنا",28
"من","الموقع","من الموقع",28
"الأسبوع","الياي","الأسبوع الياي",27
"brother","wants","brother wants",27
"يكون","رخيص","يكون رخيص",26
"يا","جماعة","يا جماعة",26
"بس","مو","بس مو",26
"أي","عروض","أي عروض",25
"تقدرون","تساعدوني","تقدرون تساعدوني",25
"أنا","في","أنا في",25
"لو","سمحتوا","لو سمحتوا",25
"كل","مرة","كل مرة",25
"شي","حق","شي حق",24
"بصراحة","أنا","بصراحة أنا",24
"أخلص","الموضوع","أخلص الموضوع",24
"ممكن","تخبرني","ممكن تخبرني",24
"بس","أبي","بس أبي",24
"كيف","أقدر","كيف أقدر",24
"في","الدوحة","في الدوحة",24
"أخوي","كان","أخوي كان",24
"شلون","أقدر","شلون أقدر",24
"the","process","the process",24
"اليوم","ممكن","اليوم ممكن",23
"المغرب","إذا","المغرب إذا",23
"أخوي","يبغي","أخوي يبغي",23
"إن","شاء","إن شاء",23
"كل","شي","كل شي",23
"عندكم","عرض","عندكم عرض",23
"ممكن","تساعدني","ممكن تساعدني",23
"وما","عندي","وما عندي",23
"أحتاج","الرد","أحتاج الرد",23
"أدور","على","أدور على",23
"عميل","عميل","عميل عميل",22
"ممكن","تعطوني","ممكن تعطوني",22
"خصم","خاص","خصم خاص",22
"أقرر","قبل","أقرر قبل",22
"قبل","نهاية","قبل نهاية",22
"لأول","مرة","لأول مرة",22
"أحتاج","أعرف","أحتاج أعرف",22
"شنو","الحل","شنو الحل",22
"أتأكد","من","أتأكد من",22
"في","تخفيضات","في تخفيضات",22
"شكرا","على","شكرا على",22
"إذا","أخذت","إذا أخذت",22
"في","الموقع","في الموقع",22
"ألغي","الطلب","ألغي الطلب",22
"اللي","طلبته","اللي طلبته",22
"ميلاد","الأسبوع","ميلاد الأسبوع",21
"في","حل","في حل",21
"فيه","عرض","فيه عرض",21
"نهاية","الأسبوع","نهاية الأسبوع",21
"فيه","عروض","فيه عروض",21
"هدية","لعيد","هدية لعيد",21
"بس","الحين","بس الحين",21
"أنا","طلبت","أنا طلبت",21
"ما","توقعت","ما توقعت",20
"وأحتاج","شي","وأحتاج شي",20
"تردون","علي","تردون علي",20
"المغرب","عشان","المغرب عشان",20
"على","مساعدتكم","على مساعدتكم",20
"عندكم","بس","عندكم بس",20
"في","أبوظبي","في أبوظبي",20
"خاصة","اليوم","خاصة اليوم",20
"يكون","فيه","يكون فيه",20
"عندكم","في","عندكم في",20
"وشنو","the","وشنو the",20
"رخيص","حق","رخيص حق",20
"شلونكم","أنا","شلونكم أنا",19
"أخوي","بعد","أخوي بعد",19
"إنه","فيه","إنه فيه",19
"عندكم","وما","عندكم وما",19
"wants","this","wants this",19
"شيء","رخيص","شيء رخيص",19
"ما","يشتغل","ما يشتغل",19
"في","مشكلة","في مشكلة",19
"زين","بس","زين بس",19
"بس","أبغى","بس أبغى",19
"ا","أشتري","ا أشتري",19
"المنتج","اللي","المنتج اللي",19
"أخوي","قال","أخوي قال",19
"يكون","في","يكون في",18
"تفاصيل","أكثر","تفاصيل أكثر",18
"يعني","لو","يعني لو",18
"أستفسر","عن","أستفسر عن",18
"بس","لازم","بس لازم",18
"أبي","أعرف","أبي أعرف",18
"كيف","حالكم","كيف حالكم",18
"وما","أقدر","وما أقدر",18
"في","جدة","في جدة",18
"في","الريان","في الريان",18
"زين","شنو","زين شنو",18
"ما","لقيت","ما لقيت",18
"قال","لي","قال لي",18
"مو","غالي","مو غالي",18
"عشان","أقرر","عشان أقرر",17
"لازم","يكون","لازم يكون",17
"ا","أتعامل","ا أتعامل",17
"أحصل","على","أحصل على",17
"في","مجال","في مجال",17
"عندي","شغل","عندي شغل",17
"بس","يكون","بس يكون",17
"بس","هالمرة","بس هالمرة",17
"لين","الجمعة","لين الجمعة",17
"عندكم","أي","عندكم أي",17
"في","صلالة","في صلالة",17
"سمعت","من","سمعت من",17
"take","rooms","take rooms",17
"أريد","شي","أريد شي",17
"شي","يناسب","شي يناسب",17
"فيه","شي","فيه شي",17
"أنا","محتاج","أنا محتاج",17
"فيه","خصم","فيه خصم",17
"طيب","شنو","طيب شنو",17
"في","المنامة","في المنامة",17
"أتواصل","مع","أتواصل مع",17
"الأسبوع","اللي","الأسبوع اللي",17
"مع","الشراء","مع الشراء",17
"ليش","ما","ليش ما",17
"في","المحرق","في المحرق",17
"الخدمة","تكون","الخدمة تكون",17
"ما","حصلت","ما حصلت",17
"يبي","شي","يبي شي",17
"عن","العروض","عن العروض",17
"عندكم","عطور","عندكم عطور",17
"حفلة","عيد","حفلة عيد",16
"سعر","أحسن","سعر أحسن",16
"يبي","نفس","يبي نفس",16
"أقدر","أنتظر","أقدر أنتظر",16
"من","قبل","من قبل",16
"توقعت","يصير","توقعت يصير",16
"ممكن","تخبروني","ممكن تخبروني",16
"ميلاده","الأسبوع","ميلاده الأسبوع",16
"لو","أخذت","لو أخذت",16
"أخوي","بس","أخوي بس",16
"من","موقعكم","من موقعكم",16
"بسرعة","لأني","بسرعة لأني",16
"جد","ا","جد ا",16
"تساعدوني","في","تساعدوني في",16
"يكون","زين","يكون زين",16
"من","مسقط","من مسقط",16
"مو","معقول","مو معقول",16
"زبون","دايم","زبون دايم",16
"مو","متأكد","مو متأكد",16
"منكم","بس","منكم بس",16
"شي","حلو","شي حلو",16
"انا","اول","انا اول",16
"بس","أبغي","بس أبغي",15
"بعد","يبي","بعد يبي",15
"فيه","أي","فيه أي",15
"شي","خاص","شي خاص",15
"أحتاج","حل","أحتاج حل",15
"في","الفندق","في الفندق",15
"اللي","في","اللي في",15
"ما","يصير","ما يصير",15
"اليوم","إذا","اليوم إذا",15
"ميلاد","ولدي","ميلاد ولدي",15
"الموضوع","اليوم","الموضوع اليوم",15
"على","الموقع","على الموقع",15
"مناسبة","عيد","مناسبة عيد",15
"منكم","وما","منكم وما",15
"بس","اليوم","بس اليوم",15
"كل","ما","كل ما",15
"من","البنك","من البنك",15
"شكرا","جزيلا","شكرا جزيلا",15
"أعرف","عن","أعرف عن",15
"سعره","مناسب","سعره مناسب",15
"يكون","مناسب","يكون مناسب",15
"اول","مره","اول مره",15
"من","المحرق","من المحرق",14
"وأبي","أعرف","وأبي أعرف",14
"عندكم","قبل","عندكم قبل",14
"في","دبي","في دبي",14
"ما","صار","ما صار",14
"تقدر","تساعدني","تقدر تساعدني",14
"طيب","إذا","طيب إذا",14
"رخيص","لأني","رخيص لأني",14
"تخفيضات","اليوم","تخفيضات اليوم",14
"الجمعة","الجاي","الجمعة الجاي",14
"محتاج","شي","محتاج شي",14
"أتأكد","إنه","أتأكد إنه",14
"يبي","واحد","يبي واحد",14
"عندي","سؤال","عندي سؤال",14
"أبي","أتأكد","أبي أتأكد",14
"أنا","اشتريت","أنا اشتريت",14
"على","شي","على شي",14
"شي","غالي","شي غالي",14
"وأبي","شي","وأبي شي",14
"زبون","عميل","زبون عميل",14
"أطلب","من","أطلب من",14
"وقت","أضيع","وقت أضيع",14
"أبي","حل","أبي حل",14
"هدية","مع","هدية مع",14
"لي","إنه","لي إنه",14
"العروض","اللي","العروض اللي",14
"إذا","كان","إذا كان",14
"في","المحل","في المحل",14
"إذا","طلبت","إذا طلبت",14
"بغيت","أعرف","بغيت أعرف",14
"عطور","جديدة","عطور جديدة",14
"استفسر","عن","استفسر عن",13
"أنا","بس","أنا بس",13
"أدري","إني","أدري إني",13
"عشان","أقدر","عشان أقدر",13
"هل","هذا","هل هذا",13
"هذا","صحيح","هذا صحيح",13
"واحد","بعد","واحد بعد",13
"أحتاجها","قبل","أحتاجها قبل",13
"شيء","يكون","شيء يكون",13
"يكون","غالي","يكون غالي",13
"بس","هل","بس هل",13
"أدور","شي","أدور شي",13
"رخيص","لأن","رخيص لأن",13
"يرد","علي","يرد علي",13
"أبغي","أعرف","أبغي أعرف",13
"ما","أعرف","ما أعرف",13
"وهل","في","وهل في",13
"اليوم","ولا","اليوم ولا",13
"خاص","قبل","خاص قبل",13
"نفس","الشي","نفس الشي",13
"عرض","اليوم","عرض اليوم",13
"مرة","يصير","مرة يصير",13
"من","الريان","من الريان",13
"وايد","على","وايد على",13
"العرض","اللي","العرض اللي",13
"أبغى","أتأكد","أبغى أتأكد",13
"المغرب","لو","المغرب لو",13
"غالي","وايد","غالي وايد",13
"اشتري","منكم","اشتري منكم",13
"لي","شنو","لي شنو",12
"بصراحة","ما","بصراحة ما",12
"ما","أريد","ما أريد",12
"المغرب","لأن","المغرب لأن",12
"أشتري","دراجة","أشتري دراجة",12
"بس","سمعت","بس سمعت",12
"عندكم","خصومات","عندكم خصومات",12
"والله","أنا","والله أنا",12
"المفروض","يكون","المفروض يكون",12
"سؤال","عن","سؤال عن",12
"لو","تقدرون","لو تقدرون",12
"دايم","وأحتاج","دايم وأحتاج",12
"أنا","بصراحة","أنا بصراحة",12
"الموضوع","قبل","الموضوع قبل",12
"شنو","عندكم","شنو عندكم",12
"حالكم","أنا","حالكم أنا",12
"دايم","وما","دايم وما",12
"رخيص","شوي","رخيص شوي",12
"أنا","ساكن","أنا ساكن",12
"مرة","ثانية","مرة ثانية",12
"كان","في","كان في",12
"بس","أنا","بس أنا",12
"ممكن","أحد","ممكن أحد",12
"اول","مرة","اول مرة",12
"الموقع","بس","الموقع بس",12
"للحين","ما","للحين ما",12
"اللي","شريته","اللي شريته",12
"الطلب","اللي","الطلب اللي",12
"وما","في","وما في",12
"علي","بسرعة","علي بسرعة",12
"ميلاد","قريب","ميلاد قريب",12
"لي","حل","لي حل",12
"عروض","على","عروض على",12
"عن","طريق","عن طريق",12
"عندكم","من","عندكم من",12
"يعطيكم","العافية","يعطيكم العافية",12
"شي","يناسبني","شي يناسبني",12
"لو","ممكن","لو ممكن",12
"أحتاج","شيء","أحتاج شيء",12
"أهم","شي","أهم شي",12
"بس","شنو","بس شنو",12
"يبغى","شي","يبغى شي",12
"رخيص","بس","رخيص بس",12
"مناسب","حق","مناسب حق",12
"take","pairs","take pairs",12
"تعطوني","سعر","تعطوني سعر",11
"حق","حفلة","حق حفلة",11
"المغرب","في","المغرب في",11
"أقدر","أحصل","أقدر أحصل",11
"ودايم","ا","ودايم ا",11
"لأني","محتاج","لأني محتاج",11
"أقدر","أطلب","أقدر أطلب",11
"استفسار","بسيط","استفسار بسيط",11
"لي","ساعة","لي ساعة",11
"customer","عندكم","customer عندكم",11
"وسمعت","عن","وسمعت عن",11
"قالوا","لي","قالوا لي",11
"عندي","عيد","عندي عيد",11
"قبل","يوم","قبل يوم",11
"اليوم","لأن","اليوم لأن",11
"ما","يخلص","ما يخلص",11
"لازم","أخلص","لازم أخلص",11
"استفسار","بخصوص","استفسار بخصوص",11
"عندكم","وأحتاج","عندكم وأحتاج",11
"أتعامل","مع","أتعامل مع",11
"مع","البنك","مع البنك",11
"في","مسقط","في مسقط",11
"خدمة","أفضل","خدمة أفضل",11
"ما","وصلني","ما وصلني",11
"إن","عندكم","إن عندكم",11
"وعليكم","السلام","وعليكم السلام",11
"شلون","يعني","شلون يعني",11
"في","الرياض","في الرياض",11
"أنا","مو","أنا مو",11
"قريب","من","قريب من",11
"لكن","ما","لكن ما",11
"في","توصيل","في توصيل",11
"أبغى","أعرف","أبغى أعرف",11
"ودي","أعرف","ودي أعرف",11
"خصومات","خاصة","خصومات خاصة",11
"عندكم","شنط","عندكم شنط",11
"أكنسل","الطلب","أكنسل الطلب",11
"دراجة","من","دراجة من",11
"ممكن","أحصل","ممكن أحصل",10
"عنده","عيد","عنده عيد",10
"أتعامل","معكم","أتعامل معكم",10
"أقدر","أجي","أقدر أجي",10
"ممكن","تفاصيل","ممكن تفاصيل",10
"في","خصومات","في خصومات",10
"أخوي","محتاج","أخوي محتاج",10
"سريع","لأن","سريع لأن",10
"أنتظر","لين","أنتظر لين",10
"أريد","أعرف","أريد أعرف",10
"نفس","المشكلة","نفس المشكلة",10
"شلونكم","عندي","شلونكم عندي",10
"ساعة","أحاول","ساعة أحاول",10
"take","bikes","take bikes",10
"من","الرياض","من الرياض",10
"هل","فيه","هل فيه",10
"ما","عندكم","ما عندكم",10
"أكثر","من","أكثر من",10
"لو","في","لو في",10
"من","أول","من أول",10
"بس","عندي","بس عندي",10
"حل","اليوم","حل اليوم",10
"وما","قدرت","وما قدرت",10
"يشتغل","زين","يشتغل زين",10
"لأني","ما","لأني ما",10
"for","his","for his",10
"ساكن","في","ساكن في",10
"شي","جديد","شي جديد",10
"شاكر","لكم","شاكر لكم",10
"ما","كان","ما كان",10
"انا","من","انا من",10
"من","المنامة","من المنامة",10
"من","حولي","من حولي",10
"طريقة","أقدر","طريقة أقدر",10
"وأتوقع","خدمة","وأتوقع خدمة",10
"أنا","ما","أنا ما",10
"اللي","فات","اللي فات",10
"سريع","لأني","سريع لأني",10
"أكون","شاكر","أكون شاكر",10
"يطلع","لي","يطلع لي",10
"ما","حصلته","ما حصلته",10
"حق","هدية","حق هدية",10
"شي","زين","شي زين",10
"take","من","take من",10
"عندكم","الحين","عندكم الحين",10
"يبغى","نفس","يبغى نفس",10
"أبغى","شيء","أبغى شيء",10
"جديدة","وصلت","جديدة وصلت",10
"أول","مره","أول مره",10
"الفرق","بين","الفرق بين",10
"take","يمكن","take يمكن",10
"بس","أحتاج","بس أحتاج",10
"شفت","شي","شفت شي",10
"مو","أول","مو أول",10
"اللي","شفتها","اللي شفتها",10
"عن","توصيل","عن توصيل",10
"عميل","مميز","عميل مميز",10
"معلومات","عن","معلومات عن",10
"متأكد","إذا","متأكد إذا",10
"أقدر","ألغي","أقدر ألغي",10
"خصم","إضافي","خصم إضافي",10
"تعطوني","تفاصيل","تعطوني تفاصيل",10
"اللي","شريتها","اللي شريتها",10
"عن","العرض","عن العرض",10
"لي","قبل","لي قبل",10
"سمعت","انه","سمعت انه",10
"هدية","لأخوي","هدية لأخوي",10
"ميلاد","أختي","ميلاد أختي",10
"فيه","تخفيضات","فيه تخفيضات",10
"توصيل","سريع","توصيل سريع",10
"غالي","بس","غالي بس",10
"take","أبي","take أبي",10
"ميلاده","بس","ميلاده بس",10
"لي","إذا","لي إذا",10
"حالة","حسابي","حالة حسابي",10
"المغرب","بس","المغرب بس",10
"اعرف","اذا","اعرف اذا",10
"الفلاش","سيل","الفلاش سيل",10
"أشتري","له","أشتري له",9
"لو","اشتريت","لو اشتريت",9
"ما","ينتهي","ما ينتهي",9
"بس","اللي","بس اللي",9
"اللي","صار","اللي صار",9
"تحلون","المشكلة","تحلون المشكلة",9
"شغل","مهم","شغل مهم",9
"يكون","قبل","يكون قبل",9
"عروض","حلوة","عروض حلوة",9
"ممكن","تردون","ممكن تردون",9
"الفندق","اللي","الفندق اللي",9
"اللي","كان","اللي كان",9
"كم","يوم","كم يوم",9
"اللي","جاي","اللي جاي",9
"نفس","الشيء","نفس الشيء",9
"يصير","هالشي","يصير هالشي",9
"شي","سريع","شي سريع",9
"مرة","أستخدم","مرة أستخدم",9
"بس","في","بس في",9
"بس","ممكن","بس ممكن",9
"لازم","أقرر","لازم أقرر",9
"السعر","مناسب","السعر مناسب",9
"كيف","حالك","كيف حالك",9
"أبي","شيء","أبي شيء",9
"عروض","زينة","عروض زينة",9
"تسوون","لي","تسوون لي",9
"علي","قبل","علي قبل",9
"عندكم","دراجات","عندكم دراجات",9
"ممكن","تعطيني","ممكن تعطيني",9
"عندي","ميزانية","عندي ميزانية",9
"شي","متوفر","شي متوفر",9
"طيب","لو","طيب لو",9
"الموقع","وما","الموقع وما",9
"عروض","اليوم","عروض اليوم",9
"مكان","ثاني","مكان ثاني",9
"اليوم","ضروري","اليوم ضروري",9
"اللي","طلبتها","اللي طلبتها",9
"بعد","يومين","بعد يومين",9
"مرة","اشتري","مرة اشتري",9
"توضحون","لي","توضحون لي",9
"هذي","أول","هذي أول",9
"كل","شوي","كل شوي",9
"من","يومين","من يومين",9
"جزيلا","على","جزيلا على",9
"ما","أحاول","ما أحاول",9
"وما","وصلني","وما وصلني",9
"بسرعة","قبل","بسرعة قبل",9
"الطلب","كان","الطلب كان",9
"الموضوع","بسرعة","الموضوع بسرعة",9
"تنصحوني","فيه","تنصحوني فيه",9
"أتأكد","إذا","أتأكد إذا",9
"ما","شاء","ما شاء",9
"شي","قبل","شي قبل",9
"في","هدية","في هدية",9
"خاص","حق","خاص حق",9
"ما","انحلت","ما انحلت",9
"انحلت","المشكلة","انحلت المشكلة",9
"راح","أضطر","راح أضطر",9
"من","حسابي","من حسابي",9
"لي","إن","لي إن",9
"خدمة","العملاء","خدمة العملاء",9
"الشنط","اللي","الشنط اللي",9
"ما","أبي","ما أبي",9
"لي","شي","لي شي",9
"وش","الحل","وش الحل",9
"هنا","في","هنا في",9
"لازم","أروح","لازم أروح",9
"لقيت","شي","لقيت شي",9
"ما","أبغى","ما أبغى",9
"عندكم","خدمة","عندكم خدمة",9
"المنتجات","اللي","المنتجات اللي",9
"اللي","طاف","اللي طاف",9
"عندكم","شيء","عندكم شيء",9
"customer","وأحتاج","customer وأحتاج",9
"توصل","قبل","توصل قبل",9
"يوصلني","قبل","يوصلني قبل",9
"هل","العرض","هل العرض",9
"لي","عن","لي عن",9
"شيء","ثاني","شيء ثاني",9
"حق","اليوم","حق اليوم",9
"عندكم","تخفيضات","عندكم تخفيضات",9
"لأن","الوقت","لأن الوقت",9
"خصم","لو","خصم لو",9
"على","المساعدة","على المساعدة",9
"عندكم","اليوم","عندكم اليوم",9
"أبحث","عن","أبحث عن",9
"انا","دايم","انا دايم",9
"كنت","أدور","كنت أدور",9
"اليوم","عشان","اليوم عشان",8
"سمعت","إنكم","سمعت إنكم",8
"الرد","بسرعة","الرد بسرعة",8
"مشكلة","ويا","مشكلة ويا",8
"الموضوع","right","الموضوع right",8
"أي","شيء","أي شيء",8
"إني","عميل","إني عميل",8
"اليوم","لأني","اليوم لأني",8
"ميلاده","اللي","ميلاده اللي",8
"رخيص","ومناسب","رخيص ومناسب",8
"أحاول","أدخل","أحاول أدخل",8
"منكم","وسمعت","منكم وسمعت",8
"أحتاج","الدراجة","أحتاج الدراجة",8
"المغرب","كنت","المغرب كنت",8
"لأني","أول","لأني أول",8
"لأنه","عيد","لأنه عيد",8
"ميلاده","قريب","ميلاده قريب",8
"ممكن","توضح","ممكن توضح",8
"توضح","لي","توضح لي",8
"فيه","مشكلة","فيه مشكلة",8
"صار","شي","صار شي",8
"بعد","ما","بعد ما",8
"أسترجع","فلوسي","أسترجع فلوسي",8
"أفكر","أشتري","أفكر أشتري",8
"سعره","زين","سعره زين",8
"ا","إني","ا إني",8
"وما","أدري","وما أدري",8
"على","تعاونكم","على تعاونكم",8
"أطلب","قبل","أطلب قبل",8
"his","birthday","his birthday",8
"في","أحد","في أحد",8
"أواجه","مشاكل","أواجه مشاكل",8
"أو","شي","أو شي",8
"وسمعت","إن","وسمعت إن",8
"وما","يصير","وما يصير",8
"مساء","الخير","مساء الخير",8
"صراحة","أنا","صراحة أنا",8
"أحد","يساعدني","أحد يساعدني",8
"كان","عندي","كان عندي",8
"الحين","ما","الحين ما",8
"اشتري","من","اشتري من",8
"شنطة","من","شنطة من",8
"أدري","إذا","أدري إذا",8
"أتكلم","مع","أتكلم مع",8
"في","الفرع","في الفرع",8
"المميزين","مثلي","المميزين مثلي",8
"لي","فترة","لي فترة",8
"وقت","أضيعه","وقت أضيعه",8
"شنو","تنصحوني","شنو تنصحوني",8
"هل","عندكم","هل عندكم",8
"بس","قبل","بس قبل",8
"شنو","الخيارات","شنو الخيارات",8
"وأبغى","أعرف","وأبغى أعرف",8
"ومو","غالي","ومو غالي",8
"رخيص","أخوي","رخيص أخوي",8
"بس","ولا","بس ولا",8
"بس","أخوي","بس أخوي",8
"عندكم","المفروض","عندكم المفروض",8
"فيه","طريقة","فيه طريقة",8
"أنا","طالب","أنا طالب",8
"ما","ينفع","ما ينفع",8
"تقولون","لي","تقولون لي",8
"مو","فاهم","مو فاهم",8
"مميز","عندكم","مميز عندكم",8
"أدري","شلون","أدري شلون",8
"المحرق","وما","المحرق وما",8
"اللي","سويته","اللي سويته",8
"بعد","شنو","بعد شنو",8
"يعني","أنا","يعني أنا",8
"بس","صار","بس صار",8
"من","الخدمة","من الخدمة",8
"بس","صراحة","بس صراحة",8
"بسرعة","لأن","بسرعة لأن",8
"كان","فيه","كان فيه",8
"ممكن","يكون","ممكن يكون",8
"مثل","ما","مثل ما",8
"أنا","سمعت","أنا سمعت",8
"بيكون","ممتاز","بيكون ممتاز",8
"take","وهل","take وهل",8
"طلبت","اليوم","طلبت اليوم",8
"بعد","بس","بعد بس",8
"منكم","وكنت","منكم وكنت",8
"تشوفون","لي","تشوفون لي",8
"منكم","وأحتاج","منكم وأحتاج",8
"من","العرض","من العرض",8
"ضروري","قبل","ضروري قبل",8
"بصراحة","أحتاج","بصراحة أحتاج",8
"خاصة","لي","خاصة لي",8
"أنا","أدور","أنا أدور",8
"تخفيضات","خاصة","تخفيضات خاصة",8
"يوصل","قبل","يوصل قبل",8
"يبغي","شي","يبغي شي",8
"صلاة","المغرب","صلاة المغرب",8
"عن","عروض","عن عروض",8
"اذا","ممكن","اذا ممكن",8
"للزبائن","المميزين","للزبائن المميزين",8
"مره","اشتري","مره اشتري",8
"شنط","جديدة","شنط جديدة",8
"في","العرض","في العرض",8
"أتأكد","قبل","أتأكد قبل",8
"أكنسل","طلبي","أكنسل طلبي",8
"ممكن","أكنسل","ممكن أكنسل",8
"الدراجة","اللي","الدراجة اللي",8
"خاص","لي","خاص لي",7
"من","عملائكم","من عملائكم",7
"عن","أسعار","عن أسعار",7
"بصراحة","أخوي","بصراحة أخوي",7
"شكرا","وايد","شكرا وايد",7
"بسرعة","عشان","بسرعة عشان",7
"take","connections","take connections",7
"يكون","ممتاز","يكون ممتاز",7
"لأن","بصراحة","لأن بصراحة",7
"هالمرة","ما","هالمرة ما",7
"فقط","لأني","فقط لأني",7
"المغرب","صحيح","المغرب صحيح",7
"على","سعر","على سعر",7
"في","الخدمة","في الخدمة",7
"ما","يكون","ما يكون",7
"شيء","مناسب","شيء مناسب",7
"وما","يكون","وما يكون",7
"وما","أريد","وما أريد",7
"إن","فيه","إن فيه",7
"إنه","عندكم","إنه عندكم",7
"حاجة","رخيصة","حاجة رخيصة",7
"أحتاج","القرار","أحتاج القرار",7
"يبغى","واحد","يبغى واحد",7
"خاصة","قبل","خاصة قبل",7
"جماعة","الخير","جماعة الخير",7
"بس","أريد","بس أريد",7
"اثنين","شنو","اثنين شنو",7
"في","البنك","في البنك",7
"شي","اليوم","شي اليوم",7
"أنا","حاجز","أنا حاجز",7
"أقدر","أتواصل","أقدر أتواصل",7
"والله","ما","والله ما",7
"زين","إذا","زين إذا",7
"اليوم","في","اليوم في",7
"الحال","عندي","الحال عندي",7
"أدخل","حسابي","أدخل حسابي",7
"أخوي","الأسبوع","أخوي الأسبوع",7
"أتأكد","إن","أتأكد إن",7
"زينة","بس","زينة بس",7
"تقول","لي","تقول لي",7
"اليوم","هل","اليوم هل",7
"عندي","قبل","عندي قبل",7
"تساعدوني","قبل","تساعدوني قبل",7
"الصراحة","أنا","الصراحة أنا",7
"متى","تتوقعون","متى تتوقعون",7
"بس","بصراحة","بس بصراحة",7
"المغرب","هل","المغرب هل",7
"متوفر","اليوم","متوفر اليوم",7
"today","only","today only",7
"يخلص","العرض","يخلص العرض",7
"أقدر","أستخدم","أقدر أستخدم",7
"أحد","يرد","أحد يرد",7
"اليوم","only","اليوم only",7
"وما","أتوقع","وما أتوقع",7
"أشتري","شي","أشتري شي",7
"تأكد","لي","تأكد لي",7
"زين","ممكن","زين ممكن",7
"دايم","customers","دايم customers",7
"عندي","خبرة","عندي خبرة",7
"في","هالأمور","في هالأمور",7
"أشتري","جهاز","أشتري جهاز",7
"أروح","الفرع","أروح الفرع",7
"ممكن","توضحون","ممكن توضحون",7
"شو","السالفة","شو السالفة",7
"أعرف","شلون","أعرف شلون",7
"لي","رسالة","لي رسالة",7
"على","حسابي","على حسابي",7
"من","فترة","من فترة",7
"وصلني","شي","وصلني شي",7
"المشكلة","بسرعة","المشكلة بسرعة",7
"عندكم","شنو","عندكم شنو",7
"واحد","منهم","واحد منهم",7
"شنو","الفرق","شنو الفرق",7
"وأحتاج","أعرف","وأحتاج أعرف",7
"عندكم","ممكن","عندكم ممكن",7
"أقرر","اليوم","أقرر اليوم",7
"بغيت","شي","بغيت شي",7
"ينتهي","اليوم","ينتهي اليوم",7
"المتوفرة","عندكم","المتوفرة عندكم",7
"سعره","معقول","سعره معقول",7
"أسجل","دخول","أسجل دخول",7
"مو","معقولة","مو معقولة",7
"الطلب","قبل","الطلب قبل",7
"لابتوب","من","لابتوب من",7
"ما","حد","ما حد",7
"شو","الحل","شو الحل",7
"بس","للحين","بس للحين",7
"بانتظار","ردكم","بانتظار ردكم",7
"ممكن","حد","ممكن حد",7
"أنا","دايما","أنا دايما",7
"ما","فهمت","ما فهمت",7
"بس","للأسف","بس للأسف",7
"مع","خدمة","مع خدمة",7
"ا","أطلب","ا أطلب",7
"بصراحة","كنت","بصراحة كنت",7
"والله","يا","والله يا",7
"أنا","كنت","أنا كنت",7
"أو","لازم","أو لازم",7
"عندي","حساب","عندي حساب",7
"كنت","متوقع","كنت متوقع",7
"طلبت","من","طلبت من",7
"وما","كنت","وما كنت",7
"شي","ما","شي ما",7
"من","المحل","من المحل",7
"إذا","شريت","إذا شريت",7
"وما","لقيت","وما لقيت",7
"أرخص","شوي","أرخص شوي",7
"في","عندكم","في عندكم",7
"ترد","علي","ترد علي",7
"الألعاب","اللي","الألعاب اللي",7
"أبغى","حاجة","أبغى حاجة",7
"انه","في","انه في",7
"كنت","أبغى","كنت أبغى",7
"يكون","حلو","يكون حلو",7
"لأن","عيد","لأن عيد",7
"من","نفس","من نفس",7
"المغرب","لازم","المغرب لازم",7
"الرد","قبل","الرد قبل",7
"لي","من","لي من",7
"فكرة","عن","فكرة عن",7
"أنا","شريت","أنا شريت",7
"خدمة","خاصة","خدمة خاصة",7
"أخلص","شغلي","أخلص شغلي",7
"يا","ليت","يا ليت",7
"قبل","مغرب","قبل مغرب",7
"لو","طلبت","لو طلبت",7
"عندكم","وأبي","عندكم وأبي",7
"في","شيء","في شيء",7
"عن","المنتجات","عن المنتجات",7
"من","اللي","من اللي",7
"take","بس","take بس",7
"يعني","إذا","يعني إذا",7
"take","يعني","take يعني",7
"اليوم","أو","اليوم أو",7
"خصم","على","خصم على",7
"كان","يبي","كان يبي",7
"الطلب","اليوم","الطلب اليوم",7
"عندنا","عروض","عندنا عروض",7
"أكثر","عن","أكثر عن",7
"ان","شاء","ان شاء",7
"توفرون","لي","توفرون لي",7
"ولا","لازم","ولا لازم",7
"أعرف","قبل","أعرف قبل",7
"يكون","عندي","يكون عندي",7
"the","policy","the policy",7
"ما","لقيتها","ما لقيتها",7
"اللي","أدور","اللي أدور",7
"أدور","عليه","أدور عليه",7
"يكون","متوفر","يكون متوفر",7
"عن","الفلاش","عن الفلاش",7
"توفرونه","لي","توفرونه لي",7
"والله","عندكم","والله عندكم",7
"إذا","متوفر","إذا متوفر",7
"عندكم","شوزات","عندكم شوزات",7
"عندي","طلبية","عندي طلبية",7
"الحجز","كان","الحجز كان",7
"rooms","for","rooms for",7
"سعر","أفضل","سعر أفضل",6
"يعني","لازم","يعني لازم",6
"يكون","اليوم","يكون اليوم",6
"عملائكم","المميزين","عملائكم المميزين",6
"أسعار","الدراجات","أسعار الدراجات",6
"أخوي","عنده","أخوي عنده",6
"السعر","لو","السعر لو",6
"وأبغي","أعرف","وأبغي أعرف",6
"عروض","حصرية","عروض حصرية",6
"ينتهي","العرض","ينتهي العرض",6
"أتمنى","تحلون","أتمنى تحلون",6
"خصم","اليوم","خصم اليوم",6
"ممتازة","بس","ممتازة بس",6
"the","compensation","the compensation",6
"إن","أخوي","إن أخوي",6
"محتاج","الدراجة","محتاج الدراجة",6
"ممكن","تسوون","ممكن تسوون",6
"المشكلة","اليوم","المشكلة اليوم",6
"عندي","أخوي","عندي أخوي",6
"منكم","ممكن","منكم ممكن",6
"أطلب","الحين","أطلب الحين",6
"صار","في","صار في",6
"الحين","صار","الحين صار",6
"ضروري","يكون","ضروري يكون",6
"عندي","اجتماع","عندي اجتماع",6
"وحدة","لي","وحدة لي",6
"أدري","إنكم","أدري إنكم",6
"مرة","أجرب","مرة أجرب",6
"وقت","ممكن","وقت ممكن",6
"إذا","أقدر","إذا أقدر",6
"take","أخوي","take أخوي",6
"إذا","السعر","إذا السعر",6
"الحين","في","الحين في",6
"لي","واحد","لي واحد",6
"حصلت","رد","حصلت رد",6
"رخيص","وسريع","رخيص وسريع",6
"تقدرون","تسوون","تقدرون تسوون",6
"لي","سعر","لي سعر",6
"لي","خصم","لي خصم",6
"مرحبا","كيف","مرحبا كيف",6
"أخذت","غرفتين","أخذت غرفتين",6
"عن","الباقة","عن الباقة",6
"عندكم","وسمعت","عندكم وسمعت",6
"لأني","بصراحة","لأني بصراحة",6
"أدري","شنو","أدري شنو",6
"بس","محتاج","بس محتاج",6
"بس","ودي","بس ودي",6
"يبي","يشترك","يبي يشترك",6
"في","فندق","في فندق",6
"أحتاج","رد","أحتاج رد",6
"رد","سريع","رد سريع",6
"المشكلة","إنه","المشكلة إنه",6
"يبغى","يشتري","يبغى يشتري",6
"لأني","عميل","لأني عميل",6
"بس","إذا","بس إذا",6
"أنا","حجزت","أنا حجزت",6
"ودي","أشتري","ودي أشتري",6
"بكون","شاكر","بكون شاكر",6
"take","subscriptions","take subscriptions",6
"أي","تأخير","أي تأخير",6
"ما","أقرر","ما أقرر",6
"مع","الدعم","مع الدعم",6
"الدعم","الفني","الدعم الفني",6
"لأني","مسافر","لأني مسافر",6
"خاصة","حق","خاصة حق",6
"مع","الانترنت","مع الانترنت",6
"أنا","مستعجل","أنا مستعجل",6
"i","just","i just",6
"أعرف","متى","أعرف متى",6
"خدمة","مميزة","خدمة مميزة",6
"مشكورين","وايد","مشكورين وايد",6
"أستخدمه","في","أستخدمه في",6
"وأنا","في","وأنا في",6
"يعطيك","العافية","يعطيك العافية",6
"ا","لكم","ا لكم",6
"من","جدة","من جدة",6
"رسالة","خطأ","رسالة خطأ",6
"ليش","التأخير","ليش التأخير",6
"تكون","أسرع","تكون أسرع",6
"ما","يناسبني","ما يناسبني",6
"كلمة","المرور","كلمة المرور",6
"الحين","قبل","الحين قبل",6
"المغرب","ضروري","المغرب ضروري",6
"ضروري","حق","ضروري حق",6
"شي","بسعر","شي بسعر",6
"إذا","العرض","إذا العرض",6
"تخبرني","شنو","تخبرني شنو",6
"نعم","عندنا","نعم عندنا",6
"يكون","شي","يكون شي",6
"لو","عندكم","لو عندكم",6
"العرض","ينتهي","العرض ينتهي",6
"سعر","خاص","سعر خاص",6
"الهدية","اللي","الهدية اللي",6
"زبون","دائم","زبون دائم",6
"المشكلة","بأسرع","المشكلة بأسرع",6
"وما","يشتغل","وما يشتغل",6
"سريع","قبل","سريع قبل",6
"الطلب","حقي","الطلب حقي",6
"ما","انحل","ما انحل",6
"جديد","من","جديد من",6
"فاهم","ليش","فاهم ليش",6
"نفس","اللي","نفس اللي",6
"توصلني","قبل","توصلني قبل",6
"إني","دايم","إني دايم",6
"ما","فيه","ما فيه",6
"صلالة","وما","صلالة وما",6
"أبغى","حل","أبغى حل",6
"وقت","أروح","وقت أروح",6
"لأني","دايم","لأني دايم",6
"متى","ممكن","متى ممكن",6
"اللي","اشتريته","اللي اشتريته",6
"لأن","ما","لأن ما",6
"أبغي","أتأكد","أبغي أتأكد",6
"زبون","مهم","زبون مهم",6
"ياخي","أنا","ياخي أنا",6
"هالمستوى","من","هالمستوى من",6
"أول","ما","أول ما",6
"بس","مب","بس مب",6
"بغيت","أستفسر","بغيت أستفسر",6
"طلبته","من","طلبته من",6
"وكنت","متوقع","وكنت متوقع",6
"ولا","لا","ولا لا",6
"ممكن","أستفيد","ممكن أستفيد",6
"يقول","لي","يقول لي",6
"والله","شلونكم","والله شلونكم",6
"خاصة","إني","خاصة إني",6
"ا","على","ا على",6
"بما","إني","بما إني",6
"شنط","من","شنط من",6
"قبل","يومين","قبل يومين",6
"البنك","ما","البنك ما",6
"أعرف","كيف","أعرف كيف",6
"اذا","في","اذا في",6
"ممكن","ترد","ممكن ترد",6
"أخوي","يبيها","أخوي يبيها",6
"اللي","عطيتوني","اللي عطيتوني",6
"عن","الألعاب","عن الألعاب",6
"حلو","بس","حلو بس",6
"بعد","ممكن","بعد ممكن",6
"لهدية","عيد","لهدية عيد",6
"أخوي","قريب","أخوي قريب",6
"أو","عروض","أو عروض",6
"عن","عرض","عن عرض",6
"تخبروني","شنو","تخبروني شنو",6
"على","طول","على طول",6
"تتأكدون","لي","تتأكدون لي",6
"على","مساعدتك","على مساعدتك",6
"أبغى","ألغي","أبغى ألغي",6
"على","خدمة","على خدمة",6
"لي","اليوم","لي اليوم",6
"لا","تخلص","لا تخلص",6
"ممكن","تشوفون","ممكن تشوفون",6
"في","التوصيل","في التوصيل",6
"تقدرون","توفرون","تقدرون توفرون",6
"معاكم","من","معاكم من",6
"ميلاد","بنت","ميلاد بنت",6
"طلبت","الحين","طلبت الحين",6
"لو","كان","لو كان",6
"منكم","وأبي","منكم وأبي",6
"أخوي","قبل","أخوي قبل",6
"العرض","يشمل","العرض يشمل",6
"شنهو","the","شنهو the",6
"ميلاد","ولد","ميلاد ولد",6
"اليوم","لو","اليوم لو",6
"لازم","تكون","لازم تكون",6
"الرد","الحين","الرد الحين",6
"من","العروض","من العروض",6
"بصراحة","أبغى","بصراحة أبغى",6
"مو","مناسب","مو مناسب",6
"أخوي","يحب","أخوي يحب",6
"عطر","معين","عطر معين",6
"كان","يبغى","كان يبغى",6
"انتظر","ردكم","انتظر ردكم",6
"ولا","في","ولا في",6
"لين","الأسبوع","لين الأسبوع",6
"له","شي","له شي",6
"قبل","صلاة","قبل صلاة",6
"هل","هي","هل هي",6
"أستفيد","من","أستفيد من",6
"عن","حالة","عن حالة",6
"في","شنط","في شنط",6
"اطلب","منكم","اطلب منكم",6
"عن","شنط","عن شنط",6
"جديدة","في","جديدة في",6
"متوفرة","الحين","متوفرة الحين",6
"ما","كانت","ما كانت",6
"ألغي","طلبي","ألغي طلبي",6
"طلبي","اللي","طلبي اللي",6
"طريق","البنك","طريق البنك",6
"أقدر","أكنسل","أقدر أكنسل",6
"for","next","for next",6
"طلبت","دراجة","طلبت دراجة",6
"تتأكد","لي","تتأكد لي",6
"أحصل","سعر","أحصل سعر",5
"المغرب","ممكن","المغرب ممكن",5
"الدراجات","عندكم","الدراجات عندكم",5
"لي","كعميل","لي كعميل",5
"نهاية","اليوم","نهاية اليوم",5
"اليوم","عندي","اليوم عندي",5
"صار","حل","صار حل",5
"اللي","عندي","اللي عندي",5
"ممكن","لأن","ممكن لأن",5
"عرض","زين","عرض زين",5
"تخبرني","إذا","تخبرني إذا",5
"شلونك","عندي","شلونك عندي",5
"الدراجة","حق","الدراجة حق",5
"علي","اليوم","علي اليوم",5
"أقدر","أكمل","أقدر أكمل",5
"شنو","العروض","شنو العروض",5
"ما","أسافر","ما أسافر",5
"اجتماع","مهم","اجتماع مهم",5
"لو","ما","لو ما",5
"لي","ووحدة","لي ووحدة",5
"بس","كنت","بس كنت",5
"عرض","على","عرض على",5
"شكرا","لتعاونكم","شكرا لتعاونكم",5
"واحد","لي","واحد لي",5
"لي","وواحد","لي وواحد",5
"وواحد","لأخوي","وواحد لأخوي",5
"طيب","بس","طيب بس",5
"أتواصل","معاكم","أتواصل معاكم",5
"الجاي","بس","الجاي بس",5
"أخذت","اثنين","أخذت اثنين",5
"عشان","ما","عشان ما",5
"السلام","عليكم","السلام عليكم",5
"أقدر","أسترجع","أقدر أسترجع",5
"خاصة","إنه","خاصة إنه",5
"أدفع","وايد","أدفع وايد",5
"أهل","ا","أهل ا",5
"اللي","فيه","اللي فيه",5
"غرفتين","شنو","غرفتين شنو",5
"جاهز","قبل","جاهز قبل",5
"take","باقات","take باقات",5
"أي","خصومات","أي خصومات",5
"بعد","الظهر","بعد الظهر",5
"الدراجة","قبل","الدراجة قبل",5
"شنو","أسوي","شنو أسوي",5
"لعملاء","عميل","لعملاء عميل",5
"لأن","اليوم","لأن اليوم",5
"وما","ودي","وما ودي",5
"وسمعت","إنكم","وسمعت إنكم",5
"إنكم","عندكم","إنكم عندكم",5
"أخوي","شنو","أخوي شنو",5
"خدمة","الإنترنت","خدمة الإنترنت",5
"أقرر","بسرعة","أقرر بسرعة",5
"أحتاج","الانترنت","أحتاج الانترنت",5
"أبغي","حل","أبغي حل",5
"أحجز","قبل","أحجز قبل",5
"أدخل","على","أدخل على",5
"this","for","this for",5
"أنا","عادة","أنا عادة",5
"وما","أعرف","وما أعرف",5
"فيه","مشاكل","فيه مشاكل",5
"مو","عارف","مو عارف",5
"أشتري","هدية","أشتري هدية",5
"take","items","take items",5
"واحد","حق","واحد حق",5
"ما","أبغي","ما أبغي",5
"في","إمكانية","في إمكانية",5
"تعطوني","عرض","تعطوني عرض",5
"شي","من","شي من",5
"لي","الموضوع","لي الموضوع",5
"صار","له","صار له",5
"الموضوع","ينحل","الموضوع ينحل",5
"لأن","عندنا","لأن عندنا",5
"أبي","أخلص","أبي أخلص",5
"واحتاج","شي","واحتاج شي",5
"ضروري","اليوم","ضروري اليوم",5
"واحد","من","واحد من",5
"أشتري","قبل","أشتري قبل",5
"في","هالموضوع","في هالموضوع",5
"want","something","want something",5
"من","هالموقع","من هالموقع",5
"طلبت","شنطة","طلبت شنطة",5
"جهاز","من","جهاز من",5
"توقعت","خدمة","توقعت خدمة",5
"ا","جزيلا","ا جزيلا",5
"العملاء","المميزين","العملاء المميزين",5
"الكمبيوتر","اللي","الكمبيوتر اللي",5
"شريته","من","شريته من",5
"من","الدوحة","من الدوحة",5
"طريقة","الدفع","طريقة الدفع",5
"ألغى","الطلب","ألغى الطلب",5
"أسترجع","المبلغ","أسترجع المبلغ",5
"لكم","لو","لكم لو",5
"مو","موجود","مو موجود",5
"وأنا","متأكد","وأنا متأكد",5
"من","جذي","من جذي",5
"أرجو","الرد","أرجو الرد",5
"ما","تشتغل","ما تشتغل",5
"دايم","وأتوقع","دايم وأتوقع",5
"متأكد","إنها","متأكد إنها",5
"الموضوع","مستعجل","الموضوع مستعجل",5
"سريع","لو","سريع لو",5
"ميلاد","اخوي","ميلاد اخوي",5
"ولا","أقدر","ولا أقدر",5
"زين","وسعره","زين وسعره",5
"أستفيد","منه","أستفيد منه",5
"العرض","موجود","العرض موجود",5
"تمام","بس","تمام بس",5
"تكون","مناسبة","تكون مناسبة",5
"عندكم","وأبغى","عندكم وأبغى",5
"فيه","شيء","فيه شيء",5
"الجديدة","اللي","الجديدة اللي",5
"سمعت","عندكم","سمعت عندكم",5
"مره","أشتري","مره أشتري",5
"before","maghrib","before maghrib",5
"أخوي","يبا","أخوي يبا",5
"السلام","نعم","السلام نعم",5
"سعرها","مناسب","سعرها مناسب",5
"عندنا","عرض","عندنا عرض",5
"الألوان","المتوفرة","الألوان المتوفرة",5
"الحال","بغيت","الحال بغيت",5
"دايما","أشتري","دايما أشتري",5
"لي","شلون","لي شلون",5
"يا","أخي","يا أخي",5
"ما","يجي","ما يجي",5
"أقدر","أرجعها","أقدر أرجعها",5
"ما","وصل","ما وصل",5
"يصير","كذا","يصير كذا",5
"قلتوا","لي","قلتوا لي",5
"حد","رد","حد رد",5
"رد","علي","رد علي",5
"إنه","ما","إنه ما",5
"بسرعة","مو","بسرعة مو",5
"ما","شفت","ما شفت",5
"عندي","سفر","عندي سفر",5
"هذي","مو","هذي مو",5
"حد","يرد","حد يرد",5
"يشرح","لي","يشرح لي",5
"بعد","في","بعد في",5
"بصراحة","توقعت","بصراحة توقعت",5
"دايم","مثلي","دايم مثلي",5
"حل","بسرعة","حل بسرعة",5
"في","الحساب","في الحساب",5
"الريان","وما","الريان وما",5
"خلال","يومين","خلال يومين",5
"يعني","ما","يعني ما",5
"الله","يعافيك","الله يعافيك",5
"عن","جودة","عن جودة",5
"شو","أسوي","شو أسوي",5
"سمحت","أبغى","سمحت أبغى",5
"مهم","وما","مهم وما",5
"قولوا","لي","قولوا لي",5
"ممكن","ألغى","ممكن ألغى",5
"مشاكل","في","مشاكل في",5
"وش","السالفة","وش السالفة",5
"الجهاز","اللي","الجهاز اللي",5
"خاصة","في","خاصة في",5
"كيف","ممكن","كيف ممكن",5
"زبون","مميز","زبون مميز",5
"بغيت","أتأكد","بغيت أتأكد",5
"ممكن","أطلب","ممكن أطلب",5
"الطلبية","اللي","الطلبية اللي",5
"شنو","المشكلة","شنو المشكلة",5
"بالنسبة","لي","بالنسبة لي",5
"خدمة","أحسن","خدمة أحسن",5
"منكم","ومو","منكم ومو",5
"حلوة","بس","حلوة بس",5
"ألقى","شي","ألقى شي",5
"أحتاج","الخدمة","أحتاج الخدمة",5
"وما","صار","وما صار",5
"أنا","بالرياض","أنا بالرياض",5
"اليوم","متى","اليوم متى",5
"وماكو","فايدة","وماكو فايدة",5
"على","الخدمة","على الخدمة",5
"من","هنا","من هنا",5
"نقدر","نسوي","نقدر نسوي",5
"اليديد","اللي","اليديد اللي",5
"أقدر","أرجع","أقدر أرجع",5
"وأنا","أحاول","وأنا أحاول",5
"أقدر","أدفع","أقدر أدفع",5
"ا","وايد","ا وايد",5
"على","المعلومات","على المعلومات",5
"ميلاد","ولده","ميلاد ولده",5
"اللي","كنت","اللي كنت",5
"أنا","أحتاج","أنا أحتاج",5
"كهدية","عيد","كهدية عيد",5
"ودي","أخلص","ودي أخلص",5
"مناسب","لعيد","مناسب لعيد",5
"بسيط","عن","بسيط عن",5
"وأحتاج","الخدمة","وأحتاج الخدمة",5
"شي","تمام","شي تمام",5
"وأبغى","أتأكد","وأبغى أتأكد",5
"من","عملاء","من عملاء",5
"إني","أول","إني أول",5
"ممكن","تتأكدون","ممكن تتأكدون",5
"في","كل","في كل",5
"اللي","شفته","اللي شفته",5
"من","مكان","من مكان",5
"اليوم","ما","اليوم ما",5
"أتمنى","تردون","أتمنى تردون",5
"وسمعت","عنكم","وسمعت عنكم",5
"وودي","أعرف","وودي أعرف",5
"علي","بأسرع","علي بأسرع",5
"لي","التفاصيل","لي التفاصيل",5
"أقدر","أخلص","أقدر أخلص",5
"أبغي","شيء","أبغي شيء",5
"قلت","لي","قلت لي",5
"العرض","هذا","العرض هذا",5
"now","عشان","now عشان",5
"تقدرون","تعطوني","تقدرون تعطوني",5
"مناسبة","قريب","مناسبة قريب",5
"في","تخفيض","في تخفيض",5
"مغرب","اليوم","مغرب اليوم",5
"أرجع","لكم","أرجع لكم",5
"منكم","قبل","منكم قبل",5
"تخبروني","إذا","تخبروني إذا",5
"وإن","شاء","وإن شاء",5
"المغرب","تقدرون","المغرب تقدرون",5
"ولا","بس","ولا بس",5
"شوي","بس","شوي بس",5
"الرد","right","الرد right",5
"الحين","ممكن","الحين ممكن",5
"خصم","حق","خصم حق",5
"بسعر","مناسب","بسعر مناسب",5
"شي","بعد","شي بعد",5
"شيء","مميز","شيء مميز",5
"المغرب","عندي","المغرب عندي",5
"لليوم","فقط","لليوم فقط",5
"مناسبة","قبل","مناسبة قبل",5
"شي","مشابه","شي مشابه",5
"عروض","ثانية","عروض ثانية",5
"لازم","أنتظر","لازم أنتظر",5
"صراحة","أخوي","صراحة أخوي",5
"يناسب","هدية","يناسب هدية",5
"نفس","العطر","نفس العطر",5
"استفيد","من","استفيد من",5
"الطلب","right","الطلب right",5
"إذا","يناسبني","إذا يناسبني",5
"شاكر","جدا","شاكر جدا",5
"فيه","تخفيض","فيه تخفيض",5
"خاص","للزبائن","خاص للزبائن",5
"لو","أطلب","لو أطلب",5
"من","صديقي","من صديقي",5
"العرض","اليوم","العرض اليوم",5
"العطور","اللي","العطور اللي",5
"شيء","أرخص","شيء أرخص",5
"يبي","هدية","يبي هدية",5
"price","بيكون","price بيكون",5
"بس","ضروري","بس ضروري",5
"أحتاج","العطر","أحتاج العطر",5
"أحتاجها","اليوم","أحتاجها اليوم",5
"عندكم","ودايم","عندكم ودايم",5
"لقيت","المنتج","لقيت المنتج",5
"مو","موجودة","مو موجودة",5
"في","القائمة","في القائمة",5
"اللي","أبغيه","اللي أبغيه",5
"حصلت","المنتج","حصلت المنتج",5
"كيف","اقدر","كيف اقدر",5
"بغيت","استفسر","بغيت استفسر",5
"عندكم","خصم","عندكم خصم",5
"اذا","عندكم","اذا عندكم",5
"فيه","خصومات","فيه خصومات",5
"أقدر","أستفيد","أقدر أستفيد",5
"أقدر","أطلبه","أقدر أطلبه",5
"ألقى","اللي","ألقى اللي",5
"هل","تقدرون","هل تقدرون",5
"مره","اطلب","مره اطلب",5
"ممكن","تفيدني","ممكن تفيدني",5
"طلبته","أمس","طلبته أمس",5
"كان","حق","كان حق",5
"طيب","في","طيب في",5
"ممكن","تلغي","ممكن تلغي",5
"أمس","بس","أمس بس",5
"مو","اللي","مو اللي",5
"process","عشان","process عشان",5
"process","for","process for",5
"بس","لقيت","بس لقيت",5
"هلا","ممكن","هلا ممكن",5
"process","إذا","process إذا",5
"ابي","شي","ابي شي",5
"عيد","ميلادها","عيد ميلادها",5
"بس","أهم","بس أهم",5
"عن","عطر","عن عطر",5
"موجود","عندكم","موجود عندكم",5
"price","إذا","price إذا",5
"لأن","صراحة","لأن صراحة",5
"الرد","اليوم","الرد اليوم",5
"ممكن","تتأكد","ممكن تتأكد",5
"وأتمنى","يكون","وأتمنى يكون",4
"ترى","أخوي","ترى أخوي",4
"يبي","يشتري","يبي يشتري",4
"سعر","زين","سعر زين",4
"إنكم","تسوون","إنكم تسوون",4
"ممكن","تفيدوني","ممكن تفيدوني",4
"فقط","ممكن","فقط ممكن",4
"مو","غالية","مو غالية",4
"تكون","ممتازة","تكون ممتازة",4
"أجي","المحل","أجي المحل",4
"من","زمان","من زمان",4
"كعميل","مميز","كعميل مميز",4
"أبغي","أشتري","أبغي أشتري",4
"أنا","أفكر","أنا أفكر",4
"لأني","أحتاجه","لأني أحتاجه",4
"أحتاجه","لعيد","أحتاجه لعيد",4
"عروض","جديدة","عروض جديدة",4
"أحتاج","الإنترنت","أحتاج الإنترنت",4
"صار","اليوم","صار اليوم",4
"مو","مقبول","مو مقبول",4
"نفس","الخدمة","نفس الخدمة",4
"بيكون","الأسبوع","بيكون الأسبوع",4
"فلو","في","فلو في",4
"شيء","جديد","شيء جديد",4
"يكون","أرخص","يكون أرخص",4
"أحصل","خصم","أحصل خصم",4
"وأحتاج","الانترنت","وأحتاج الانترنت",4
"مو","طبيعي","مو طبيعي",4
"اللي","ممكن","اللي ممكن",4
"customer","وعندي","customer وعندي",4
"قبل","كم","قبل كم",4
"على","الإنترنت","على الإنترنت",4
"عندكم","حل","عندكم حل",4
"إذا","كل","إذا كل",4
"كل","شيء","كل شيء",4
"تمام","قبل","تمام قبل",4
"في","تأخير","في تأخير",4
"عندي","في","عندي في",4
"بسعر","معقول","بسعر معقول",4
"الدراجة","اليوم","الدراجة اليوم",4
"ووحدة","لأخوي","ووحدة لأخوي",4
"الله","يكون","الله يكون",4
"كنت","محتاج","كنت محتاج",4
"عشان","عندي","عشان عندي",4
"نحصل","على","نحصل على",4
"للعيد","ميلاد","للعيد ميلاد",4
"خاصة","أو","خاصة أو",4
"لأن","الوضع","لأن الوضع",4
"لو","حصلت","لو حصلت",4
"أريد","حاجة","أريد حاجة",4
"خاصة","للزبائن","خاصة للزبائن",4
"القرار","بسرعة","القرار بسرعة",4
"أبغى","أستفسر","أبغى أستفسر",4
"عن","باقة","عن باقة",4
"أشتري","وأحتاج","أشتري وأحتاج",4
"إن","الخدمة","إن الخدمة",4
"وما","حصلت","وما حصلت",4
"ولدي","الأسبوع","ولدي الأسبوع",4
"ممكن","عشان","ممكن عشان",4
"customer","وما","customer وما",4
"take","nights","take nights",4
"يبي","يجي","يبي يجي",4
"إنه","الحجز","إنه الحجز",4
"المهم","أبي","المهم أبي",4
"اليوم","شلون","اليوم شلون",4
"دراجتين","شنو","دراجتين شنو",4
"لأخوي","عيد","لأخوي عيد",4
"من","أمس","من أمس",4
"أرتب","أموري","أرتب أموري",4
"وسمعت","إنه","وسمعت إنه",4
"أحسن","لو","أحسن لو",4
"خاص","أو","خاص أو",4
"من","الربع","من الربع",4
"لأني","فعلا","لأني فعلا",4
"صار","فيه","صار فيه",4
"شلونك","أنا","شلونك أنا",4
"معاكم","بس","معاكم بس",4
"اليوم","عيد","اليوم عيد",4
"ميزانية","محددة","ميزانية محددة",4
"الانترنت","ضروري","الانترنت ضروري",4
"أخوي","يريد","أخوي يريد",4
"أقدر","أخذ","أقدر أخذ",4
"أطلب","شي","أطلب شي",4
"كان","يبيه","كان يبيه",4
"تساعدوني","بسرعة","تساعدوني بسرعة",4
"عشان","ألحق","عشان ألحق",4
"يبي","وحدة","يبي وحدة",4
"الحال","أبغى","الحال أبغى",4
"ا","في","ا في",4
"في","البيت","في البيت",4
"ما","أواجه","ما أواجه",4
"حق","شغله","حق شغله",4
"حل","ثاني","حل ثاني",4
"اليوم","شنو","اليوم شنو",4
"لي","فلوسي","لي فلوسي",4
"غالي","شوي","غالي شوي",4
"أنا","محتاجها","أنا محتاجها",4
"المغرب","حق","المغرب حق",4
"أدري","إنه","أدري إنه",4
"أشوف","إذا","أشوف إذا",4
"ألو","مرحبا","ألو مرحبا",4
"وعندي","استفسار","وعندي استفسار",4
"عروض","قبل","عروض قبل",4
"ميلاده","وما","ميلاده وما",4
"الإنترنت","اللي","الإنترنت اللي",4
"ا","قبل","ا قبل",4
"البنك","وما","البنك وما",4
"في","فايدة","في فايدة",4
"مسافر","بعد","مسافر بعد",4
"شنو","السالفة","شنو السالفة",4
"بس","الانترنت","بس الانترنت",4
"بصراحة","أول","بصراحة أول",4
"في","حولي","في حولي",4
"عندنا","في","عندنا في",4
"just","want","just want",4
"something","cheap","something cheap",4
"طريقة","ثانية","طريقة ثانية",4
"خبرة","في","خبرة في",4
"يشتغل","عدل","يشتغل عدل",4
"جهاز","إلكتروني","جهاز إلكتروني",4
"من","أسبوع","من أسبوع",4
"ا","أسافر","ا أسافر",4
"سمعت","أن","سمعت أن",4
"من","بنك","من بنك",4
"أشتري","شنطة","أشتري شنطة",4
"عندكم","كيف","عندكم كيف",4
"خاص","للعملاء","خاص للعملاء",4
"ولا","كيف","ولا كيف",4
"خدمة","ممتازة","خدمة ممتازة",4
"تسجيل","الدخول","تسجيل الدخول",4
"أحاول","أسجل","أحاول أسجل",4
"متأكد","من","متأكد من",4
"مناسبة","مهمة","مناسبة مهمة",4
"ما","وصلتني","ما وصلتني",4
"لي","أسبوع","لي أسبوع",4
"أنتظر","وما","أنتظر وما",4
"في","إلغاء","في إلغاء",4
"إلغاء","الطلب","إلغاء الطلب",4
"من","مرة","من مرة",4
"وقت","أنتظر","وقت أنتظر",4
"لي","يومين","لي يومين",4
"أحتاج","أخلص","أحتاج أخلص",4
"أقدر","أدخل","أقدر أدخل",4
"أبغى","أشتري","أبغى أشتري",4
"مرحبا","عندي","مرحبا عندي",4
"اللي","قلت","اللي قلت",4
"وسعره","معقول","وسعره معقول",4
"موجود","اليوم","موجود اليوم",4
"أخوي","اللي","أخوي اللي",4
"حالك","أنا","حالك أنا",4
"أنا","زبونكم","أنا زبونكم",4
"لو","فيه","لو فيه",4
"اللي","يناسبني","اللي يناسبني",4
"أخوي","يبيه","أخوي يبيه",4
"أروح","السوق","أروح السوق",4
"ود","ي","ود ي",4
"الشراء","اليوم","الشراء اليوم",4
"أبغى","أسأل","أبغى أسأل",4
"بس","ترى","بس ترى",4
"وكنت","أبي","وكنت أبي",4
"اللون","الأزرق","اللون الأزرق",4
"سلام","عليكم","سلام عليكم",4
"محتار","بين","محتار بين",4
"المهم","يكون","المهم يكون",4
"السعر","زين","السعر زين",4
"مناسب","ممكن","مناسب ممكن",4
"إنه","يكون","إنه يكون",4
"شي","عندكم","شي عندكم",4
"اليوم","لأنه","اليوم لأنه",4
"بس","لو","بس لو",4
"تكون","رخيصة","تكون رخيصة",4
"يمكن","أحتاج","يمكن أحتاج",4
"أكيد","عندنا","أكيد عندنا",4
"لحفلة","عيد","لحفلة عيد",4
"والله","كيف","والله كيف",4
"وكل","مرة","وكل مرة",4
"أقدر","أضمن","أقدر أضمن",4
"قبل","السفر","قبل السفر",4
"حسابي","البنكي","حسابي البنكي",4
"انحل","الموضوع","انحل الموضوع",4
"كوني","عميل","كوني عميل",4
"حل","جذري","حل جذري",4
"أنا","تو","أنا تو",4
"تو","ي","تو ي",4
"أضمن","إنه","أضمن إنه",4
"كنت","متحمس","كنت متحمس",4
"معاكم","وما","معاكم وما",4
"وما","حد","وما حد",4
"شي","بس","شي بس",4
"لي","خطأ","لي خطأ",4
"حد","يساعدني","حد يساعدني",4
"الشنطة","اللي","الشنطة اللي",4
"وين","ألقى","وين ألقى",4
"في","حد","في حد",4
"الجهاز","ضروري","الجهاز ضروري",4
"في","حسابي","في حسابي",4
"طريقة","واضحة","طريقة واضحة",4
"من","العملاء","من العملاء",4
"فلوسي","ترجع","فلوسي ترجع",4
"وهل","فيه","وهل فيه",4
"بس","خايف","بس خايف",4
"سريع","حق","سريع حق",4
"الفايدة","من","الفايدة من",4
"أتعامل","وياكم","أتعامل وياكم",4
"لازم","تحلون","لازم تحلون",4
"تحلون","الموضوع","تحلون الموضوع",4
"هالشي","يصير","هالشي يصير",4
"عشان","ألغي","عشان ألغي",4
"توقعت","هالمعاملة","توقعت هالمعاملة",4
"كان","المفروض","كان المفروض",4
"الله","يرضى","الله يرضى",4
"يرضى","عليكم","يرضى عليكم",4
"متعود","على","متعود على",4
"جدة","وما","جدة وما",4
"إيه","نعم","إيه نعم",4
"شريت","لابتوب","شريت لابتوب",4
"أخوي","أنا","أخوي أنا",4
"تساعدوني","بأسرع","تساعدوني بأسرع",4
"أقدر","أتحمل","أقدر أتحمل",4
"وأبغى","شي","وأبغى شي",4
"واحد","ثاني","واحد ثاني",4
"في","رسوم","في رسوم",4
"رسوم","إلغاء","رسوم إلغاء",4
"توقعت","هالمشاكل","توقعت هالمشاكل",4
"وما","اشتغل","وما اشتغل",4
"اشتغل","زين","اشتغل زين",4
"أضيع","وقتي","أضيع وقتي",4
"مع","الإدارة","مع الإدارة",4
"تفاصيل","الدفع","تفاصيل الدفع",4
"عشان","أرتب","عشان أرتب",4
"صراحة","ما","صراحة ما",4
"إني","من","إني من",4
"جماعة","أنا","جماعة أنا",4
"ليش","كل","ليش كل",4
"أنا","صراحة","أنا صراحة",4
"مب","متأكد","مب متأكد",4
"وايد","زين","وايد زين",4
"تصير","لي","تصير لي",4
"تحلون","هالمشكلة","تحلون هالمشكلة",4
"معقول","هالتأخير","معقول هالتأخير",4
"حساب","عميل","حساب عميل",4
"اللي","سويتها","اللي سويتها",4
"بس","بغيت","بس بغيت",4
"كنت","أتوقع","كنت أتوقع",4
"آخر","مرة","آخر مرة",4
"مقدما","على","مقدما على",4
"غلط","وأنا","غلط وأنا",4
"اكتشفت","إنه","اكتشفت إنه",4
"توقعت","هالمستوى","توقعت هالمستوى",4
"ترجع","لي","ترجع لي",4
"لي","بسرعة","لي بسرعة",4
"شي","قريب","شي قريب",4
"شي","مو","شي مو",4
"أي","مشكلة","أي مشكلة",4
"أنتظر","ردكم","أنتظر ردكم",4
"كنت","أبي","كنت أبي",4
"شي","للحين","شي للحين",4
"وأول","مرة","وأول مرة",4
"إني","زبون","إني زبون",4
"أفضل","من","أفضل من",4
"ا","وأنا","ا وأنا",4
"يصير","معاي","يصير معاي",4
"اللي","تناسبني","اللي تناسبني",4
"سريع","وإلا","سريع وإلا",4
"يا","ريت","يا ريت",4
"بسرعة","ما","بسرعة ما",4
"أرجع","الفلوس","أرجع الفلوس",4
"شو","تنصحوني","شو تنصحوني",4
"لي","في","لي في",4
"سمعت","في","سمعت في",4
"عشان","أشتري","عشان أشتري",4
"تقريب","ا","تقريب ا",4
"أريد","حل","أريد حل",4
"ابي","اعرف","ابي اعرف",4
"أتمنى","تقدرون","أتمنى تقدرون",4
"ترسلون","لي","ترسلون لي",4
"عليكم","السلام","عليكم السلام",4
"يبيها","لعيد","يبيها لعيد",4
"المغرب","أبي","المغرب أبي",4
"للجمعة","الجاية","للجمعة الجاية",4
"تخفيض","خاص","تخفيض خاص",4
"تخبرني","عن","تخبرني عن",4
"العرض","قبل","العرض قبل",4
"فقط","هل","فقط هل",4
"العروض","المتوفرة","العروض المتوفرة",4
"ممكن","أجي","ممكن أجي",4
"المحل","اليوم","المحل اليوم",4
"اليوم","بعد","اليوم بعد",4
"يشتري","نفس","يشتري نفس",4
"الخيارات","المتاحة","الخيارات المتاحة",4
"يصير","معي","يصير معي",4
"مو","نفس","مو نفس",4
"من","ماركة","من ماركة",4
"ثاني","في","ثاني في",4
"صلالة","بس","صلالة بس",4
"إذا","قررت","إذا قررت",4
"كـ","دايم","كـ دايم",4
"تردوا","علي","تردوا علي",4
"عشان","أضمن","عشان أضمن",4
"الله","خير","الله خير",4
"الحين","مو","الحين مو",4
"ما","تقدرون","ما تقدرون",4
"شي","تكون","شي تكون",4
"مشكلة","كبيرة","مشكلة كبيرة",4
"بياخذ","وقت","بياخذ وقت",4
"وقت","طويل","وقت طويل",4
"يكون","سريع","يكون سريع",4
"لو","تعطوني","لو تعطوني",4
"خدمة","توصيل","خدمة توصيل",4
"جديد","في","جديد في",4
"لحد","الحين","لحد الحين",4
"الحين","أنا","الحين أنا",4
"كنت","أشوف","كنت أشوف",4
"بنت","أخوي","بنت أخوي",4
"ميلاد","لأخوي","ميلاد لأخوي",4
"إذا","اشتريت","إذا اشتريت",4
"اللي","قلتوا","اللي قلتوا",4
"وعنده","عيد","وعنده عيد",4
"خبروني","إذا","خبروني إذا",4
"خاص","لو","خاص لو",4
"اشتريت","قبل","اشتريت قبل",4
"أحتاجها","ضروري","أحتاجها ضروري",4
"صار","عندي","صار عندي",4
"أخوي","هو","أخوي هو",4
"لأن","ودي","لأن ودي",4
"ولد","أخوي","ولد أخوي",4
"توفرونها","لي","توفرونها لي",4
"ما","ودي","ما ودي",4
"إنه","مو","إنه مو",4
"الحين","عشان","الحين عشان",4
"ميلاد","اليوم","ميلاد اليوم",4
"خاصة","إذا","خاصة إذا",4
"طلبت","قبل","طلبت قبل",4
"ممكن","أتواصل","ممكن أتواصل",4
"حق","دايم","حق دايم",4
"العرض","حق","العرض حق",4
"بس","أو","بس أو",4
"ليت","لو","ليت لو",4
"على","كل","على كل",4
"المغرب","أقدر","المغرب أقدر",4
"لأخوي","بس","لأخوي بس",4
"أخذت","قطعتين","أخذت قطعتين",4
"ثاني","شنو","ثاني شنو",4
"الحين","لأن","الحين لأن",4
"متى","أقدر","متى أقدر",4
"ودي","بشي","ودي بشي",4
"أحتاج","أقرر","أحتاج أقرر",4
"اليوم","عندكم","اليوم عندكم",4
"تعطيني","تفاصيل","تعطيني تفاصيل",4
"اليوم","سمعت","اليوم سمعت",4
"انا","عميل","انا عميل",4
"فهل","في","فهل في",4
"خصومات","حلوة","خصومات حلوة",4
"لو","أخذنا","لو أخذنا",4
"يبي","عطر","يبي عطر",4
"ممكن","أسأل","ممكن أسأل",4
"متأكد","بعد","متأكد بعد",4
"تخفيضات","قبل","تخفيضات قبل",4
"زين","زين","زين زين",4
"فقط","قبل","فقط قبل",4
"خاصة","للـ","خاصة للـ",4
"للـ","عميل","للـ عميل",4
"العطر","قبل","العطر قبل",4
"شي","ممكن","شي ممكن",4
"فخم","بس","فخم بس",4
"على","خصم","على خصم",4
"دايم","وأبي","دايم وأبي",4
"كان","عندكم","كان عندكم",4
"عندكم","اقتراحات","عندكم اقتراحات",4
"عن","الأسعار","عن الأسعار",4
"قال","يبغى","قال يبغى",4
"طيب","ممكن","طيب ممكن",4
"حلو","شنو","حلو شنو",4
"أخلص","قبل","أخلص قبل",4
"بنفس","الوقت","بنفس الوقت",4
"الخميس","الجاي","الخميس الجاي",4
"إذا","خذيت","إذا خذيت",4
"عن","شي","عن شي",4
"مميز","بس","مميز بس",4
"تعطوني","فكرة","تعطوني فكرة",4
"أحتاج","ألغي","أحتاج ألغي",4
"ألغي","قبل","ألغي قبل",4
"ألغى","طلبي","ألغى طلبي",4
"ما","أحتاجه","ما أحتاجه",4
"policy","لو","policy لو",4
"سمعت","عنكم","سمعت عنكم",4
"عن","التخفيضات","عن التخفيضات",4
"موجود","في","موجود في",4
"ما","لقيته","ما لقيته",4
"والله","سمعت","والله سمعت",4
"شنو","المنتجات","شنو المنتجات",4
"لقيت","اللي","لقيت اللي",4
"ياليت","تخبروني","ياليت تخبروني",4
"كريم","أساس","كريم أساس",4
"اليديدة","اللي","اليديدة اللي",4
"منتج","معين","منتج معين",4
"شفته","في","شفته في",4
"ما","عجبتني","ما عجبتني",4
"لقيتها","في","لقيتها في",4
"تقدرون","تقولون","تقدرون تقولون",4
"في","منتجات","في منتجات",4
"سمعت","ان","سمعت ان",4
"اللي","أبيه","اللي أبيه",4
"متوفر","قبل","متوفر قبل",4
"في","فرع","في فرع",4
"حصلته","في","حصلته في",4
"يكون","مميز","يكون مميز",4
"من","ظفار","من ظفار",4
"بس","ابي","بس ابي",4
"تقدرون","توفرونه","تقدرون توفرونه",4
"شلونكم","انا","شلونكم انا",4
"يخلص","اليوم","يخلص اليوم",4
"أعرف","اذا","أعرف اذا",4
"اذا","فيه","اذا فيه",4
"فيه","توصيل","فيه توصيل",4
"حصلت","اللي","حصلت اللي",4
"مناسب","ما","مناسب ما",4
"معاكم","وسمعت","معاكم وسمعت",4
"أفضل","خدمة","أفضل خدمة",4
"وما","أبي","وما أبي",4
"ألغيه","قبل","ألغيه قبل",4
"بس","شفت","بس شفت",4
"شكرا","مقدما","شكرا مقدما",4
"طلبي","حق","طلبي حق",4
"عندكم","الأسبوع","عندكم الأسبوع",4
"طلبت","عطر","طلبت عطر",4
"عطر","منكم","عطر منكم",4
"أصلا","أخوي","أصلا أخوي",4
"بالمناسبة","شنو","بالمناسبة شنو",4
"طلبته","اليوم","طلبته اليوم",4
"أتمنى","يكون","أتمنى يكون",4
"أسمع","منكم","أسمع منكم",4
"ممكن","ألغي","ممكن ألغي",4
"الشوز","اللي","الشوز اللي",4
"اليوم","الصبح","اليوم الصبح",4
"طلبت","شي","طلبت شي",4
"لحد","الجمعة","لحد الجمعة",4
"سمحت","ممكن","سمحت ممكن",4
"إذا","قدرتوا","إذا قدرتوا",4
"عن","availability","عن availability",4
"لكن","الحين","لكن الحين",4
"مناسب","بس","مناسب بس",4
"تكون","متوفرة","تكون متوفرة",4
"بس","تأكد","بس تأكد",4
"take","لأن","take لأن",4
"محتاج","أخلص","محتاج أخلص",4
"لأنه","ضروري","لأنه ضروري",4
"منكم","وعندي","منكم وعندي",4
"وحدة","ثانية","وحدة ثانية",4
"شغلي","قبل","شغلي قبل",4
"فندق","في","فندق في",4
"أرجعها","قبل","أرجعها قبل",4
"من","حالة","من حالة",4
"اشتريت","دراجة","اشتريت دراجة",4
"سمعت","عنها","سمعت عنها",4
"عروض","الفنادق","عروض الفنادق",4
"من","سوق","من سوق",4
"توصل","اليوم","توصل اليوم",4
"المحرق","وأبي","المحرق وأبي",3
"زين","شلون","زين شلون",3
"تسوون","عروض","تسوون عروض",3
"أحتاج","حاجة","أحتاج حاجة",3
"بس","تكون","بس تكون",3
"الجديدة","قبل","الجديدة قبل",3
"الإنترنت","اليوم","الإنترنت اليوم",3
"لازم","أخلصها","لازم أخلصها",3
"now","لأن","now لأن",3
"لازم","يصير","لازم يصير",3
"شي","لازم","شي لازم",3
"إنكم","الأفضل","إنكم الأفضل",3
"أراجع","البنك","أراجع البنك",3
"ما","أتأخر","ما أتأخر",3
"customer","وأبغي","customer وأبغي",3
"أحسن","للإنترنت","أحسن للإنترنت",3
"شغل","وما","شغل وما",3
"أو","عرض","أو عرض",3
"دايم","وأبغى","دايم وأبغى",3
"استفسار","شنو","استفسار شنو",3
"تساعدني","فيها","تساعدني فيها",3
"لو","أقدر","لو أقدر",3
"للـ","دايم","للـ دايم",3
"ا","خدماتكم","ا خدماتكم",3
"خدماتكم","ممتازة","خدماتكم ممتازة",3
"الوضع","مو","الوضع مو",3
"ممكن","توفرونه","ممكن توفرونه",3
"قبل","أسبوعين","قبل أسبوعين",3
"محتاج","أعرف","محتاج أعرف",3
"شنو","ممكن","شنو ممكن",3
"مهم","جدا","مهم جدا",3
"من","صاحبي","من صاحبي",3
"سريع","شنو","سريع شنو",3
"ترى","عندي","ترى عندي",3
"بعد","كم","بعد كم",3
"حتى","لو","حتى لو",3
"بس","عشان","بس عشان",3
"عندكم","على","عندكم على",3
"خصومات","قبل","خصومات قبل",3
"صحيح","هالكلام","صحيح هالكلام",3
"مر","ة","مر ة",3
"الحين","هل","الحين هل",3
"فيه","انقطاع","فيه انقطاع",3
"انقطاع","في","انقطاع في",3
"أرتب","الأمور","أرتب الأمور",3
"الأمور","قبل","الأمور قبل",3
"أتمنى","ما","أتمنى ما",3
"مع","الحجز","مع الحجز",3
"أهم","شيء","أهم شيء",3
"مناسب","وما","مناسب وما",3
"شغل","ضروري","شغل ضروري",3
"wants","to","wants to",3
"دراجة","منكم","دراجة منكم",3
"الخدمة","اليوم","الخدمة اليوم",3
"مع","أخوي","مع أخوي",3
"لمناسبة","عيد","لمناسبة عيد",3
"ممكن","شنو","ممكن شنو",3
"وواجهت","مشكلة","وواجهت مشكلة",3
"في","الاتصال","في الاتصال",3
"محتاج","أتأكد","محتاج أتأكد",3
"من","الوضع","من الوضع",3
"الوضع","قبل","الوضع قبل",3
"عندي","حجز","عندي حجز",3
"المشكلة","في","المشكلة في",3
"محتاج","الخدمة","محتاج الخدمة",3
"يعني","هل","يعني هل",3
"take","واحد","take واحد",3
"أجي","اليوم","أجي اليوم",3
"الانترنت","عندي","الانترنت عندي",3
"أي","تحديثات","أي تحديثات",3
"البنك","عندكم","البنك عندكم",3
"في","أمل","في أمل",3
"المشكلة","قريب","المشكلة قريب",3
"ترجع","الخدمة","ترجع الخدمة",3
"ممكن","تسوي","ممكن تسوي",3
"تسوي","لي","تسوي لي",3
"وأدور","شي","وأدور شي",3
"خيارات","ثانية","خيارات ثانية",3
"ثانية","اليوم","ثانية اليوم",3
"ألو","السلام","ألو السلام",3
"الحجز","في","الحجز في",3
"يقولون","لي","يقولون لي",3
"اليوم","لازم","اليوم لازم",3
"البنك","بس","البنك بس",3
"الوضع","اليوم","الوضع اليوم",3
"السعر","شوي","السعر شوي",3
"تخبروني","عشان","تخبروني عشان",3
"أعرف","لو","أعرف لو",3
"يشتغل","من","يشتغل من",3
"إن","كل","إن كل",3
"خصومات","اليوم","خصومات اليوم",3
"فقط","أو","فقط أو",3
"يمكن","أشتري","يمكن أشتري",3
"أكثر","إذا","أكثر إذا",3
"فعلا","محتاج","فعلا محتاج",3
"تكون","عندي","تكون عندي",3
"مع","النت","مع النت",3
"الدراجة","ما","الدراجة ما",3
"صحيح","الكلام","صحيح الكلام",3
"رخيص","مو","رخيص مو",3
"take","وحدة","take وحدة",3
"يصير","جذي","يصير جذي",3
"محتاج","حل","محتاج حل",3
"لين","ما","لين ما",3
"نخلص","الموضوع","نخلص الموضوع",3
"الجاي","ممكن","الجاي ممكن",3
"هالشي","قبل","هالشي قبل",3
"ميلاد","بنتي","ميلاد بنتي",3
"أعتمد","على","أعتمد على",3
"أخوي","تقدرون","أخوي تقدرون",3
"تقدرون","توصلونها","تقدرون توصلونها",3
"توصلونها","قبل","توصلونها قبل",3
"توقعت","هالخدمة","توقعت هالخدمة",3
"من","دبي","من دبي",3
"مشكلة","بخصوص","مشكلة بخصوص",3
"رخيص","إذا","رخيص إذا",3
"ما","قدرت","ما قدرت",3
"و","أبي","و أبي",3
"شوي","في","شوي في",3
"بسعر","زين","بسعر زين",3
"عروض","حاليا","عروض حاليا",3
"وعندي","مشكلة","وعندي مشكلة",3
"birthday","next","birthday next",3
"من","الصبح","من الصبح",3
"محتاجها","اليوم","محتاجها اليوم",3
"for","the","for the",3
"من","الشباب","من الشباب",3
"خبروني","لأني","خبروني لأني",3
"هالنوع","من","هالنوع من",3
"ما","رجع","ما رجع",3
"الجاي","وما","الجاي وما",3
"مشاكل","مع","مشاكل مع",3
"بس","أحس","بس أحس",3
"محتاجها","قبل","محتاجها قبل",3
"إنه","اليوم","إنه اليوم",3
"محتاج","أقرر","محتاج أقرر",3
"أخلص","اليوم","أخلص اليوم",3
"شي","أقدر","شي أقدر",3
"ممكن","نحصل","ممكن نحصل",3
"محتاجها","حق","محتاجها حق",3
"ثاني","بس","ثاني بس",3
"اليوم","هو","اليوم هو",3
"اللي","أقدر","اللي أقدر",3
"الرد","بأسرع","الرد بأسرع",3
"في","عيد","في عيد",3
"ودي","أتأخر","ودي أتأخر",3
"ميلاد","شنو","ميلاد شنو",3
"take","services","take services",3
"الخدمة","عندكم","الخدمة عندكم",3
"له","يومين","له يومين",3
"customer","في","customer في",3
"ممكن","أبغي","ممكن أبغي",3
"أبغي","حد","أبغي حد",3
"المحرق","وسمعت","المحرق وسمعت",3
"حق","عميل","حق عميل",3
"كنت","بحجز","كنت بحجز",3
"لي","إنكم","لي إنكم",3
"خصوصا","أني","خصوصا أني",3
"لأخوي","قبل","لأخوي قبل",3
"قبل","عيد","قبل عيد",3
"اللي","بيكون","اللي بيكون",3
"إنكم","دايم","إنكم دايم",3
"تواصلت","معاكم","تواصلت معاكم",3
"يساعدني","في","يساعدني في",3
"متى","بتنحل","متى بتنحل",3
"يومين","ما","يومين ما",3
"المغرب","كان","المغرب كان",3
"إذا","المشكلة","إذا المشكلة",3
"for","this","for this",3
"لأنه","عندي","لأنه عندي",3
"أنا","أخوي","أنا أخوي",3
"وحده","لي","وحده لي",3
"لي","ووحده","لي ووحده",3
"بس","انا","بس انا",3
"شلون","الطريقة","شلون الطريقة",3
"هلا","أنا","هلا أنا",3
"تساعدوني","أو","تساعدوني أو",3
"معاكم","خالد","معاكم خالد",3
"خالد","من","خالد من",3
"فترة","ما","فترة ما",3
"المشكلة","من","المشكلة من",3
"ولا","من","ولا من",3
"أقدر","أسويها","أقدر أسويها",3
"المبلغ","يرجع","المبلغ يرجع",3
"بسرعة","عندي","بسرعة عندي",3
"وأحتاج","مساعدتكم","وأحتاج مساعدتكم",3
"سمحتوا","لأن","سمحتوا لأن",3
"شوي","يفصل","شوي يفصل",3
"ما","قصرتوا","ما قصرتوا",3
"يومين","بس","يومين بس",3
"كنت","حاجز","كنت حاجز",3
"حاجز","رحلة","حاجز رحلة",3
"لي","مشكلة","لي مشكلة",3
"من","خلال","من خلال",3
"سريع","في","سريع في",3
"فلوسي","بسرعة","فلوسي بسرعة",3
"لأني","محتاجها","لأني محتاجها",3
"لكم","على","لكم على",3
"عن","طريقة","عن طريقة",3
"أضمن","إنها","أضمن إنها",3
"أي","رسوم","أي رسوم",3
"رسوم","إضافية","رسوم إضافية",3
"في","تسجيل","في تسجيل",3
"من","تلفوني","من تلفوني",3
"أسجل","الدخول","أسجل الدخول",3
"صراحة","الوضع","صراحة الوضع",3
"عندي","رحلة","عندي رحلة",3
"تأكيد","الدفع","تأكيد الدفع",3
"رحلة","قريب","رحلة قريب",3
"مساعدة","في","مساعدة في",3
"هذا","ما","هذا ما",3
"المفروض","يوصلني","المفروض يوصلني",3
"أسبوع","وما","أسبوع وما",3
"أنتظر","أكثر","أنتظر أكثر",3
"الحين","شنو","الحين شنو",3
"لسه","ما","لسه ما",3
"يكون","أسرع","يكون أسرع",3
"الحجز","اليوم","الحجز اليوم",3
"طلبت","خدمة","طلبت خدمة",3
"من","البيت","من البيت",3
"أحد","يتواصل","أحد يتواصل",3
"جربت","كل","جربت كل",3
"بدون","فايدة","بدون فايدة",3
"ممكن","ترسلون","ممكن ترسلون",3
"للأسف","ما","للأسف ما",3
"الوضع","صار","الوضع صار",3
"حل","المشكلة","حل المشكلة",3
"إن","كلمة","إن كلمة",3
"المرور","غلط","المرور غلط",3
"أشتري","بعض","أشتري بعض",3
"وقت","وايد","وقت وايد",3
"بس","أبيه","بس أبيه",3
"أحتاجه","اليوم","أحتاجه اليوم",3
"ردوا","علي","ردوا علي",3
"لأنه","لازم","لأنه لازم",3
"هلا","عندكم","هلا عندكم",3
"الثلاجة","اللي","الثلاجة اللي",3
"عنها","قبل","عنها قبل",3
"عن","منتجات","عن منتجات",3
"الفرق","بينهم","الفرق بينهم",3
"كم","the","كم the",3
"أخوي","يقول","أخوي يقول",3
"بنت","أختي","بنت أختي",3
"ممكن","أتأكد","ممكن أتأكد",3
"مرحبا","ممكن","مرحبا ممكن",3
"كنت","أبغي","كنت أبغي",3
"المغرب","شنو","المغرب شنو",3
"عندكم","ألعاب","عندكم ألعاب",3
"الخيارات","اللي","الخيارات اللي",3
"نقدر","نرتب","نقدر نرتب",3
"دايم","بس","دايم بس",3
"عن","توفر","عن توفر",3
"أحتاج","هدية","أحتاج هدية",3
"من","واحد","من واحد",3
"أحتاج","وحدة","أحتاج وحدة",3
"حذاء","رياضي","حذاء رياضي",3
"بصراحة","دايم","بصراحة دايم",3
"رخيص","لكن","رخيص لكن",3
"هذا","الأسبوع","هذا الأسبوع",3
"اسأل","عن","اسأل عن",3
"ما","حصلتها","ما حصلتها",3
"حصلتها","في","حصلتها في",3
"موجودة","على","موجودة على",3
"شي","لعيد","شي لعيد",3
"الألوان","والأحجام","الألوان والأحجام",3
"خاص","بس","خاص بس",3
"أخوي","يبغاها","أخوي يبغاها",3
"يكون","السعر","يكون السعر",3
"ولا","بيكون","ولا بيكون",3
"العرض","مستمر","العرض مستمر",3
"ترى","إذا","ترى إذا",3
"هلا","أخوي","هلا أخوي",3
"أقدر","أقرر","أقدر أقرر",3
"عندكم","حق","عندكم حق",3
"وما","لقيتها","وما لقيتها",3
"لقيتها","عندكم","لقيتها عندكم",3
"ممكن","تقولي","ممكن تقولي",3
"حصلت","شي","حصلت شي",3
"اليوم","خبرني","اليوم خبرني",3
"خبرني","عشان","خبرني عشان",3
"تدور","عليه","تدور عليه",3
"أحتاج","لعبة","أحتاج لعبة",3
"لعبة","هدية","لعبة هدية",3
"يكون","سعرها","يكون سعرها",3
"اشتريت","لعبة","اشتريت لعبة",3
"أنا","محتار","أنا محتار",3
"العرض","بس","العرض بس",3
"take","في","take في",3
"حق","العملاء","حق العملاء",3
"اللي","مع","اللي مع",3
"شلون","أدفع","شلون أدفع",3
"شي","غلط","شي غلط",3
"لا","أسافر","لا أسافر",3
"دخول","من","دخول من",3
"المفروض","ما","المفروض ما",3
"يصير","هالمشاكل","يصير هالمشاكل",3
"لازم","أخلصه","لازم أخلصه",3
"أضطر","أغير","أضطر أغير",3
"في","مطار","في مطار",3
"أقدر","أستخدمه","أقدر أستخدمه",3
"سفر","من","سفر من",3
"شلون","أتعامل","شلون أتعامل",3
"وأنا","بعد","وأنا بعد",3
"كل","هذا","كل هذا",3
"لقيت","حل","لقيت حل",3
"من","وين","من وين",3
"في","بنك","في بنك",3
"حل","فوري","حل فوري",3
"الحال","انا","الحال انا",3
"انا","طلبت","انا طلبت",3
"محتاج","الجهاز","محتاج الجهاز",3
"وأنا","عندي","وأنا عندي",3
"بسرعة","لازم","بسرعة لازم",3
"ي","شاري","ي شاري",3
"وقتي","على","وقتي على",3
"منكم","و","منكم و",3
"سفر","قريب","سفر قريب",3
"قريب","واحتاج","قريب واحتاج",3
"لا","أطلع","لا أطلع",3
"يصير","هالتأخير","يصير هالتأخير",3
"هالتأخير","في","هالتأخير في",3
"الدعم","وما","الدعم وما",3
"لي","جهاز","لي جهاز",3
"كنت","ناوي","كنت ناوي",3
"وقت","حق","وقت حق",3
"وما","عارف","وما عارف",3
"عارف","شلون","عارف شلون",3
"بس","دايم","بس دايم",3
"شفتها","عندكم","شفتها عندكم",3
"اللي","مو","اللي مو",3
"أطلب","شنطة","أطلب شنطة",3
"إذا","لازم","إذا لازم",3
"في","السوق","في السوق",3
"دبي","مول","دبي مول",3
"من","الكويت","من الكويت",3
"العملاء","وما","العملاء وما",3
"توقعت","الخدمة","توقعت الخدمة",3
"يوصلني","في","يوصلني في",3
"أحتاج","الجهاز","أحتاج الجهاز",3
"علي","من","علي من",3
"وخصوص","ا","وخصوص ا",3
"أضطر","أعيد","أضطر أعيد",3
"مرة","بس","مرة بس",3
"أحل","المشكلة","أحل المشكلة",3
"بس","حبيت","بس حبيت",3
"حبيت","أعرف","حبيت أعرف",3
"شي","أفضل","شي أفضل",3
"كعميل","دايم","كعميل دايم",3
"فيه","خيار","فيه خيار",3
"البطاقة","الائتمانية","البطاقة الائتمانية",3
"أحاول","أخلص","أحاول أخلص",3
"أخلص","الدفع","أخلص الدفع",3
"إيش","الفايدة","إيش الفايدة",3
"وللحين","ما","وللحين ما",3
"الموظف","قال","الموظف قال",3
"المفروض","تكون","المفروض تكون",3
"بسعر","خاص","بسعر خاص",3
"في","خطأ","في خطأ",3
"عشان","كذا","عشان كذا",3
"شوفوا","لي","شوفوا لي",3
"إني","ما","إني ما",3
"طلبتها","من","طلبتها من",3
"اشتريته","منكم","اشتريته منكم",3
"فيه","خلل","فيه خلل",3
"عن","الخدمة","عن الخدمة",3
"يعلق","وما","يعلق وما",3
"ناوي","أستخدمه","ناوي أستخدمه",3
"لكم","تعاونكم","لكم تعاونكم",3
"جديد","بس","جديد بس",3
"مو","مثل","مو مثل",3
"على","الكمبيوتر","على الكمبيوتر",3
"عندكم","وكنت","عندكم وكنت",3
"وكنت","متحمس","وكنت متحمس",3
"كان","من","كان من",3
"أو","أي","أو أي",3
"في","المستقبل","في المستقبل",3
"هذا","مو","هذا مو",3
"لازم","أكنسل","لازم أكنسل",3
"مو","قادر","مو قادر",3
"أحاول","أسوي","أحاول أسوي",3
"فيه","خطأ","فيه خطأ",3
"ما","زبط","ما زبط",3
"تلفون","من","تلفون من",3
"على","هالسوالف","على هالسوالف",3
"شريته","منكم","شريته منكم",3
"أول","يوم","أول يوم",3
"لابتوب","لأول","لابتوب لأول",3
"قادر","أدخل","قادر أدخل",3
"أنا","لازم","أنا لازم",3
"من","فرع","من فرع",3
"فرع","الريان","فرع الريان",3
"أكيد","أنا","أكيد أنا",3
"بس","الظاهر","بس الظاهر",3
"ممكن","أسترجع","ممكن أسترجع",3
"شكرا","أقدر","شكرا أقدر",3
"تعاونكم","الدائم","تعاونكم الدائم",3
"وما","قادر","وما قادر",3
"عن","الدفع","عن الدفع",3
"دايم","ممكن","دايم ممكن",3
"ولا","فيه","ولا فيه",3
"ومحتاج","أعرف","ومحتاج أعرف",3
"أحتاج","مساعدة","أحتاج مساعدة",3
"لي","هالمشكلة","لي هالمشكلة",3
"يعتمد","على","يعتمد على",3
"هالمشكلة","بسرعة","هالمشكلة بسرعة",3
"على","الإلغاء","على الإلغاء",3
"لو","تساعدوني","لو تساعدوني",3
"إن","العملية","إن العملية",3
"أستفيد","منها","أستفيد منها",3
"أنا","توني","أنا توني",3
"توني","شاري","توني شاري",3
"منكم","أول","منكم أول",3
"يومين","وما","يومين وما",3
"مع","الجهاز","مع الجهاز",3
"أبي","أشتري","أبي أشتري",3
"أشتري","تلفون","أشتري تلفون",3
"ما","فاهم","ما فاهم",3
"السفر","بس","السفر بس",3
"ومو","عارف","ومو عارف",3
"تساعدوني","ألقى","تساعدوني ألقى",3
"بيكون","فيه","بيكون فيه",3
"فيه","تأخير","فيه تأخير",3
"مرحبا","أنا","مرحبا أنا",3
"تقدرون","توضحون","تقدرون توضحون",3
"لأنه","ما","لأنه ما",3
"بالرياض","وما","بالرياض وما",3
"أنتظر","زيادة","أنتظر زيادة",3
"مع","المدير","مع المدير",3
"الوضع","ما","الوضع ما",3
"أنا","جديد","أنا جديد",3
"الخدمة","الممتازة","الخدمة الممتازة",3
"أعرف","إيش","أعرف إيش",3
"ف","صلالة","ف صلالة",3
"استرجاع","كامل","استرجاع كامل",3
"أتوقع","خدمة","أتوقع خدمة",3
"طلبت","شنط","طلبت شنط",3
"يصير","لي","يصير لي",3
"الموقع","قبل","الموقع قبل",3
"ريت","لو","ريت لو",3
"شنطة","بس","شنطة بس",3
"فاهم","شلون","فاهم شلون",3
"شلون","أطلب","شلون أطلب",3
"إن","الأمور","إن الأمور",3
"ومو","فاهم","ومو فاهم",3
"أختار","اللي","أختار اللي",3
"ما","أفهم","ما أفهم",3
"أفهم","كيف","أفهم كيف",3
"تطلع","لي","تطلع لي",3
"خطوة","بخطوة","خطوة بخطوة",3
"ما","جربت","ما جربت",3
"ا","إذا","ا إذا",3
"حق","أهل","حق أهل",3
"الله","يعطيكم","الله يعطيكم",3
"حد","يشرح","حد يشرح",3
"جواب","واضح","جواب واضح",3
"زينة","و","زينة و",3
"و","الحين","و الحين",3
"ما","عارف","ما عارف",3
"توني","شفت","توني شفت",3
"وابي","شي","وابي شي",3
"بس","لأن","بس لأن",3
"ممكن","أستلمهم","ممكن أستلمهم",3
"لونه","أسود","لونه أسود",3
"اللعبة","اللي","اللعبة اللي",3
"بس","طلعت","بس طلعت",3
"كان","يبيها","كان يبيها",3
"و","ما","و ما",3
"تقدرون","تحلون","تقدرون تحلون",3
"المشكلة","right","المشكلة right",3
"المشكلة","بالضبط","المشكلة بالضبط",3
"ممكن","أخوي","ممكن أخوي",3
"يعني","بصراحة","يعني بصراحة",3
"take","pieces","take pieces",3
"شو","عندكم","شو عندكم",3
"لي","على","لي على",3
"أشتري","وأبي","أشتري وأبي",3
"فيه","هدية","فيه هدية",3
"عن","الألوان","عن الألوان",3
"حاجة","تكون","حاجة تكون",3
"take","أحتاج","take أحتاج",3
"عندكم","أنا","عندكم أنا",3
"كان","ممتاز","كان ممتاز",3
"شنو","السبب","شنو السبب",3
"السبب","إن","السبب إن",3
"now","ما","now ما",3
"شنهو","عندكم","شنهو عندكم",3
"ممكن","شي","ممكن شي",3
"نفس","النوع","نفس النوع",3
"خصومات","أو","خصومات أو",3
"عندكم","لأني","عندكم لأني",3
"القرار","قبل","القرار قبل",3
"في","الوقت","في الوقت",3
"جم","يوم","جم يوم",3
"شيء","مو","شيء مو",3
"ميلاد","ودي","ميلاد ودي",3
"لكن","هالمرة","لكن هالمرة",3
"المنتجين","اللي","المنتجين اللي",3
"إذا","المنتج","إذا المنتج",3
"تساعدوني","بهالموضوع","تساعدوني بهالموضوع",3
"أخي","يبغى","أخي يبغى",3
"أسافر","وأحتاج","أسافر وأحتاج",3
"في","الطلب","في الطلب",3
"أتواصل","معكم","أتواصل معكم",3
"تساعدوني","كيف","تساعدوني كيف",3
"عندي","فكرة","عندي فكرة",3
"فكرة","كيف","فكرة كيف",3
"توقعت","هالتأخير","توقعت هالتأخير",3
"معكم","وكنت","معكم وكنت",3
"ومو","متأكد","ومو متأكد",3
"في","الإلغاء","في الإلغاء",3
"يروح","علي","يروح علي",3
"إنكم","توفرون","إنكم توفرون",3
"أحتاج","شنطة","أحتاج شنطة",3
"دايم","زبون","دايم زبون",3
"من","الشنط","من الشنط",3
"التوصيل","بيكون","التوصيل بيكون",3
"كثير","عن","كثير عن",3
"عن","منتجاتكم","عن منتجاتكم",3
"طيب","وهل","طيب وهل",3
"إذا","احتجت","إذا احتجت",3
"متأكد","إنه","متأكد إنه",3
"ما","تحلون","ما تحلون",3
"وأنا","دايم","وأنا دايم",3
"بدون","مشاكل","بدون مشاكل",3
"من","أسبوعين","من أسبوعين",3
"شلون","ممكن","شلون ممكن",3
"مرة","من","مرة من",3
"عارف","كيف","عارف كيف",3
"بس","المشكلة","بس المشكلة",3
"دايم","أشتري","دايم أشتري",3
"حالي","ا","حالي ا",3
"إنكم","مسوين","إنكم مسوين",3
"حاولت","أتواصل","حاولت أتواصل",3
"بس","حصلت","بس حصلت",3
"أرخص","في","أرخص في",3
"منكم","دايم","منكم دايم",3
"من","السعر","من السعر",3
"فيه","خدمة","فيه خدمة",3
"لازم","أطلب","لازم أطلب",3
"اشتريت","لابتوب","اشتريت لابتوب",3
"ممكن","أرجع","ممكن أرجع",3
"أرجع","المبلغ","أرجع المبلغ",3
"أروح","البنك","أروح البنك",3
"على","الحجز","على الحجز",3
"عن","اللي","عن اللي",3
"اللي","ما","اللي ما",3
"ممتاز","بس","ممتاز بس",3
"لأني","مو","لأني مو",3
"مسقط","وما","مسقط وما",3
"فيه","رسوم","فيه رسوم",3
"والله","أول","والله أول",3
"أسوي","تحويل","أسوي تحويل",3
"وأنا","عميل","وأنا عميل",3
"ترى","ما","ترى ما",3
"من","صلالة","من صلالة",3
"فيه","اهتمام","فيه اهتمام",3
"عندكم","أتمنى","عندكم أتمنى",3
"أبي","أشوف","أبي أشوف",3
"خدمة","زينة","خدمة زينة",3
"جديد","نزل","جديد نزل",3
"عندكم","معلومات","عندكم معلومات",3
"موجود","بس","موجود بس",3
"الله","يسلمك","الله يسلمك",3
"أستلمها","من","أستلمها من",3
"جزاكم","الله","جزاكم الله",3
"العملاء","بس","العملاء بس",3
"صح","هالكلام","صح هالكلام",3
"أوكي","بس","أوكي بس",3
"يرجع","المبلغ","يرجع المبلغ",3
"توصلونها","لي","توصلونها لي",3
"كيف","أبدأ","كيف أبدأ",3
"بصراحة","محتار","بصراحة محتار",3
"كان","ممكن","كان ممكن",3
"بهالموضوع","اليوم","بهالموضوع اليوم",3
"أغير","البنك","أغير البنك",3
"إن","التوصيل","إن التوصيل",3
"الموضوع","بأسرع","الموضوع بأسرع",3
"وأبغي","ألغي","وأبغي ألغي",3
"عنكم","كلام","عنكم كلام",3
"كلام","طيب","كلام طيب",3
"تساعدني","في","تساعدني في",3
"ليش","دايم","ليش دايم",3
"مب","معقول","مب معقول",3
"من","فرعكم","من فرعكم",3
"عندكم","ومحتاج","عندكم ومحتاج",3
"في","الكويت","في الكويت",3
"معاكم","في","معاكم في",3
"وما","كان","وما كان",3
"عندكم","و","عندكم و",3
"صار","لها","صار لها",3
"أعتمد","عليكم","أعتمد عليكم",3
"من","الصباح","من الصباح",3
"عن","الأنواع","عن الأنواع",3
"ولا","ممكن","ولا ممكن",3
"الصراحة","ما","الصراحة ما",3
"معقول","شنو","معقول شنو",3
"الله","يعطيك","الله يعطيك",3
"اشتريت","اليوم","اشتريت اليوم",3
"السعر","يكون","السعر يكون",3
"تقدر","تحصل","تقدر تحصل",3
"قريب","وابي","قريب وابي",3
"عندي","عزيمة","عندي عزيمة",3
"رخيص","لأنه","رخيص لأنه",3
"ممكن","توصلونها","ممكن توصلونها",3
"أخوي","عيد","أخوي عيد",3
"يمكن","أخوي","يمكن أخوي",3
"وأحتاج","مساعدة","وأحتاج مساعدة",3
"ممكن","أحتاج","ممكن أحتاج",3
"بكرة","بعد","بكرة بعد",3
"هو","يبغى","هو يبغى",3
"لأني","أفكر","لأني أفكر",3
"يجزاكم","خير","يجزاكم خير",3
"في","الموضوع","في الموضوع",3
"لي","كـ","لي كـ",3
"الله","يخليك","الله يخليك",3
"شنو","الoptions","شنو الoptions",3
"هذا","الشيء","هذا الشيء",3
"شريت","من","شريت من",3
"عندكم","فيه","عندكم فيه",3
"هذا","العرض","هذا العرض",3
"كان","عليه","كان عليه",3
"بس","محتار","بس محتار",3
"شنو","الأفضل","شنو الأفضل",3
"أطلبها","الحين","أطلبها الحين",3
"take","عندي","take عندي",3
"عندي","خصم","عندي خصم",3
"يعرف","إذا","يعرف إذا",3
"وكنت","أبغى","وكنت أبغى",3
"ممكن","أرجعه","ممكن أرجعه",3
"محتاج","الرد","محتاج الرد",3
"عشان","أكون","عشان أكون",3
"إذا","موجود","إذا موجود",3
"لو","تكرمت","لو تكرمت",3
"دايم","هل","دايم هل",3
"شكرا","لكم","شكرا لكم",3
"أحتاج","أتأكد","أحتاج أتأكد",3
"take","أبغى","take أبغى",3
"قبل","اليوم","قبل اليوم",3
"محتاجها","ضروري","محتاجها ضروري",3
"أجيكم","قبل","أجيكم قبل",3
"كهدية","لعيد","كهدية لعيد",3
"وما","أبغى","وما أبغى",3
"العروض","قبل","العروض قبل",3
"شيء","يناسب","شيء يناسب",3
"بس","صحيح","بس صحيح",3
"ما","يسكر","ما يسكر",3
"قطعتين","شنو","قطعتين شنو",3
"وش","تنصحوني","وش تنصحوني",3
"ما","أطلع","ما أطلع",3
"أطلع","من","أطلع من",3
"جديدة","بس","جديدة بس",3
"عندكم","نعل","عندكم نعل",3
"لأني","محتاجة","لأني محتاجة",3
"محتاجة","شي","محتاجة شي",3
"وعندي","مناسبة","وعندي مناسبة",3
"now","لأني","now لأني",3
"أبا","شي","أبا شي",3
"أنا","أبي","أنا أبي",3
"يعني","أقدر","يعني أقدر",3
"أي","عرض","أي عرض",3
"خاص","على","خاص على",3
"أحتاج","عطر","أحتاج عطر",3
"خاص","إذا","خاص إذا",3
"مميز","قبل","مميز قبل",3
"وإذا","عندكم","وإذا عندكم",3
"عندكم","تخفيض","عندكم تخفيض",3
"غالي","كثير","غالي كثير",3
"أقدر","أمر","أقدر أمر",3
"أفكر","في","أفكر في",3
"فقط","اليوم","فقط اليوم",3
"بصراحة","أبغي","بصراحة أبغي",3
"في","فرصة","في فرصة",3
"أبيها","قبل","أبيها قبل",3
"الشي","نقدر","الشي نقدر",3
"نقدر","نحصل","نقدر نحصل",3
"متوفر","بس","متوفر بس",3
"زينة","شنو","زينة شنو",3
"معين","بس","معين بس",3
"take","accessories","take accessories",3
"أسأل","إذا","أسأل إذا",3
"حق","ميلاد","حق ميلاد",3
"شي","يصلح","شي يصلح",3
"أستلم","قبل","أستلم قبل",3
"توصيل","قبل","توصيل قبل",3
"المتوفرة","right","المتوفرة right",3
"ميلاد","وأحتاج","ميلاد وأحتاج",3
"بس","عندكم","بس عندكم",3
"يفضل","يكون","يفضل يكون",3
"عندنا","خصومات","عندنا خصومات",3
"تقدرون","توصلونه","تقدرون توصلونه",3
"التفاصيل","الحين","التفاصيل الحين",3
"ممكن","ترسل","ممكن ترسل",3
"ترسل","لي","ترسل لي",3
"بشوف","إذا","بشوف إذا",3
"منكم","ودي","منكم ودي",3
"طيب","وشنو","طيب وشنو",3
"الميزانية","محدودة","الميزانية محدودة",3
"ما","أوصل","ما أوصل",3
"بسرعة","اليوم","بسرعة اليوم",3
"وش","عندكم","وش عندكم",3
"المغرب","أحتاج","المغرب أحتاج",3
"يناسب","لعيد","يناسب لعيد",3
"العرض","متوفر","العرض متوفر",3
"ممكن","خصم","ممكن خصم",3
"انا","أول","انا أول",3
"لي","الحين","لي الحين",3
"حلوة","على","حلوة على",3
"شي","على","شي على",3
"المغرب","اذا","المغرب اذا",3
"تحصل","على","تحصل على",3
"مو","متأكدة","مو متأكدة",3
"لزبائن","عميل","لزبائن عميل",3
"من","العطور","من العطور",3
"دايم","اشتري","دايم اشتري",3
"اللي","موجودة","اللي موجودة",3
"بصراحة","أدور","بصراحة أدور",3
"شوي","شنو","شوي شنو",3
"وحبيت","أعرف","وحبيت أعرف",3
"هو","عيد","هو عيد",3
"ثاني","ممكن","ثاني ممكن",3
"بس","العرض","بس العرض",3
"take","سمعت","take سمعت",3
"غالي","عندكم","غالي عندكم",3
"وسعره","مناسب","وسعره مناسب",3
"وايد","ناس","وايد ناس",3
"ميلاد","في","ميلاد في",3
"بمر","عليكم","بمر عليكم",3
"غالي","مره","غالي مره",3
"يبيهم","حق","يبيهم حق",3
"بس","بنفس","بس بنفس",3
"الميزانية","tight","الميزانية tight",3
"شي","حصري","شي حصري",3
"بعدني","محتار","بعدني محتار",3
"وإذا","فيه","وإذا فيه",3
"متوفرة","right","متوفرة right",3
"خذيت","اثنين","خذيت اثنين",3
"العطر","هدية","العطر هدية",3
"أنا","أبحث","أنا أبحث",3
"يعني","شي","يعني شي",3
"توصيل","مجاني","توصيل مجاني",3
"عندي","حفلة","عندي حفلة",3
"أرخص","قبل","أرخص قبل",3
"أنتظر","لي","أنتظر لي",3
"المشكلة","إن","المشكلة إن",3
"to","cancel","to cancel",3
"لي","العرض","لي العرض",3
"ألغي","اليوم","ألغي اليوم",3
"مشكورين","على","مشكورين على",3
"أحتاجه","الحين","أحتاجه الحين",3
"تعاونكم","بس","تعاونكم بس",3
"now","لو","now لو",3
"هل","هو","هل هو",3
"دايم","وعندي","دايم وعندي",3
"اليوم","إن","اليوم إن",3
"عن","منتج","عن منتج",3
"الباقة","اللي","الباقة اللي",3
"إنه","ممكن","إنه ممكن",3
"أمس","من","أمس من",3
"سمحت","شنو","سمحت شنو",3
"الخدمة","زينة","الخدمة زينة",3
"اللي","سو","اللي سو",3
"سو","يته","سو يته",3
"اللي","أحتاجه","اللي أحتاجه",3
"الجمعة","الياي","الجمعة الياي",3
"انه","فيه","انه فيه",3
"تقدرون","تلغونه","تقدرون تلغونه",3
"عن","تخفيضات","عن تخفيضات",3
"أفوت","الفرصة","أفوت الفرصة",3
"موجود","قبل","موجود قبل",3
"شنطة","معينة","شنطة معينة",3
"عن","الشنط","عن الشنط",3
"عشان","أشوف","عشان أشوف",3
"التخفيضات","اللي","التخفيضات اللي",3
"في","منتج","في منتج",3
"خاصة","للعملاء","خاصة للعملاء",3
"للعملاء","المهمين","للعملاء المهمين",3
"مرة","اطلب","مرة اطلب",3
"اللي","نزلتوها","اللي نزلتوها",3
"مترددة","شوي","مترددة شوي",3
"البشرة","الحساسة","البشرة الحساسة",3
"ا","بس","ا بس",3
"إذا","مو","إذا مو",3
"ما","شفته","ما شفته",3
"متوفر","في","متوفر في",3
"فلاش","سيل","فلاش سيل",3
"سيل","اليوم","سيل اليوم",3
"في","طريقه","في طريقه",3
"منكم","شنو","منكم شنو",3
"عندكم","توصيل","عندكم توصيل",3
"ممكن","اعرف","ممكن اعرف",3
"ابي","اتأكد","ابي اتأكد",3
"إنها","موجودة","إنها موجودة",3
"أقدر","أطلبها","أقدر أطلبها",3
"كعميل","عميل","كعميل عميل",3
"بتكون","متوفرة","بتكون متوفرة",3
"خاصة","ممكن","خاصة ممكن",3
"عن","ماركة","عن ماركة",3
"يناسبني","حق","يناسبني حق",3
"شفته","على","شفته على",3
"اللي","أبيها","اللي أبيها",3
"ولا","خلصت","ولا خلصت",3
"سيل","اللي","سيل اللي",3
"أحب","أكون","أحب أكون",3
"أكون","أول","أكون أول",3
"ترى","انا","ترى انا",3
"اللي","أبي","اللي أبي",3
"والله","بغيت","والله بغيت",3
"سمعت","انها","سمعت انها",3
"الأسعار","عندكم","الأسعار عندكم",3
"وايد","زينة","وايد زينة",3
"مرة","أتسوق","مرة أتسوق",3
"مكياج","من","مكياج من",3
"خاص","لعملاء","خاص لعملاء",3
"متوفرة","في","متوفرة في",3
"أشتري","مكياج","أشتري مكياج",3
"العروض","الجديدة","العروض الجديدة",3
"اللي","ابيه","اللي ابيه",3
"تلقون","لي","تلقون لي",3
"ممكن","تقول","ممكن تقول",3
"ياخذ","وقت","ياخذ وقت",3
"سمعت","إنها","سمعت إنها",3
"ممكن","توفرونها","ممكن توفرونها",3
"كان","متوفر","كان متوفر",3
"ما","يوصل","ما يوصل",3
"قالت","لي","قالت لي",3
"ما","ابغى","ما ابغى",3
"عنكم","من","عنكم من",3
"في","موديلات","في موديلات",3
"منكم","في","منكم في",3
"وكان","عندي","وكان عندي",3
"اللي","ابغاه","اللي ابغاه",3
"غيرت","رأيي","غيرت رأيي",3
"أحتاج","شوز","أحتاج شوز",3
"أحتاجه","ضروري","أحتاجه ضروري",3
"بغيت","أكنسل","بغيت أكنسل",3
"ينحل","بسرعة","ينحل بسرعة",3
"الطلب","الحين","الطلب الحين",3
"شوزات","جديدة","شوزات جديدة",3
"ممكن","تحجز","ممكن تحجز",3
"تحجز","لي","تحجز لي",3
"حق","العطور","حق العطور",3
"ألغيها","قبل","ألغيها قبل",3
"أي","طريقة","أي طريقة",3
"ألغيه","اليوم","ألغيه اليوم",3
"الفلوس","ترجع","الفلوس ترجع",3
"عن","شيء","عن شيء",3
"أبغي","أكنسل","أبغي أكنسل",3
"العطر","لعيد","العطر لعيد",3
"أكنسل","الحين","أكنسل الحين",3
"بس","ابغى","بس ابغى",3
"الغي","الطلب","الغي الطلب",3
"process","to","process to",3
"أطلب","شيء","أطلب شيء",3
"هو","كان","هو كان",3
"ممكن","تلغون","ممكن تلغون",3
"كان","قبل","كان قبل",3
"بس","غيرت","بس غيرت",3
"take","next","take next",3
"بشي","ثاني","بشي ثاني",3
"ثاني","يكون","ثاني يكون",3
"أتمنى","أسمع","أتمنى أسمع",3
"أكنسل","قبل","أكنسل قبل",3
"لأن","المناسبة","لأن المناسبة",3
"متوفر","عندكم","متوفر عندكم",3
"من","عروض","من عروض",3
"أبغى","أكنسل","أبغى أكنسل",3
"policy","إذا","policy إذا",3
"هذا","أول","هذا أول",3
"عندكم","أحذية","عندكم أحذية",3
"أتأكد","إنها","أتأكد إنها",3
"واحد","أرخص","واحد أرخص",3
"في","بالي","في بالي",3
"بس","أرخص","بس أرخص",3
"ميلاد","بس","ميلاد بس",3
"اللي","لازم","اللي لازم",3
"ثاني","حق","ثاني حق",3
"ميلاده","ومو","ميلاده ومو",3
"بس","بعدين","بس بعدين",3
"يبغاها","لعيد","يبغاها لعيد",3
"يبغي","يشتري","يبغي يشتري",3
"وقلت","له","وقلت له",3
"محتاجه","حق","محتاجه حق",3
"من","الفرع","من الفرع",3
"أكنسل","الأوردر","أكنسل الأوردر",3
"شكرا","بس","شكرا بس",3
"ممكن","تأكد","ممكن تأكد",3
"منكم","وكان","منكم وكان",3
"الحقيقة","أنا","الحقيقة أنا",3
"شلون","طريقة","شلون طريقة",3
"مميز","حق","مميز حق",3
"ا","إن","ا إن",3
"the","refund","the refund",3
"process","if","process if",3
"إنه","أخوي","إنه أخوي",3
"يحب","العطور","يحب العطور",3
"أو","لا","أو لا",3
"أبي","أكنسل","أبي أكنسل",3
"بعد","الدوام","بعد الدوام",3
"عن","عروضكم","عن عروضكم",3
"اللي","قرب","اللي قرب",3
"إنه","يوصل","إنه يوصل",3
"اليوم","صحيح","اليوم صحيح",3
"متوفرة","اليوم","متوفرة اليوم",3
"وصلت","اليوم","وصلت اليوم",3
"بكون","ممتن","بكون ممتن",3
"مناسبة","خاصة","مناسبة خاصة",3
"شي","فخم","شي فخم",3
"الوقت","يداهمني","الوقت يداهمني",3
"الحين","متى","الحين متى",3
"من","الvip","من الvip",3
"أدري","إن","أدري إن",3
"عن","موضوع","عن موضوع",3
"موضوع","استرجاع","موضوع استرجاع",3
"كنت","أحاول","كنت أحاول",3
"بعد","شوي","بعد شوي",3
"يستخدم","الانترنت","يستخدم الانترنت",3
"بس","الصراحة","بس الصراحة",3
"عن","سياسة","عن سياسة",3
"يبغى","يشترك","يبغى يشترك",3
"حجز","الفندق","حجز الفندق",3
"وضع","حسابي","وضع حسابي",3
"محتاجها","لعيد","محتاجها لعيد",3
"take","lines","take lines",3
"أحتاج","أرجعها","أحتاج أرجعها",3
"حسابي","بخصوص","حسابي بخصوص",3
"بخصوص","الدراجات","بخصوص الدراجات",3
"ميلاد","صديقي","ميلاد صديقي",3
"إنه","الحساب","إنه الحساب",3
"نفس","الدراجة","نفس الدراجة",3
"الانترنت","حق","الانترنت حق",3
"عن","خدمة","عن خدمة",3
"اللي","تقدمونها","اللي تقدمونها",3
"يحتفل","بعيد","يحتفل بعيد",3
"بعيد","ميلاده","بعيد ميلاده",3
"رخيص","وعملي","رخيص وعملي",3
"عندنا","مناسبة","عندنا مناسبة",3
"سوق","واقف","سوق واقف",3
"عن","الدراجات","عن الدراجات",3
"يكون","جودة","يكون جودة",3
"عن","الفنادق","عن الفنادق",3
"الفنادق","في","الفنادق في",3
"للفنادق","في","للفنادق في",3
"إنها","توصل","إنها توصل",3
"إذا","اشتركت","إذا اشتركت",3
"سريع","ومو","سريع ومو",3
"شنو","الباقات","شنو الباقات",3
"الانترنت","شغال","الانترنت شغال",3
"شغلي","اليوم","شغلي اليوم",3
